Rank,Name,Points,17.1 rank,17.1 score,17.2 rank,17.2 score,17.3 rank,17.3 score,17.4 rank,17.4 score,17.5 rank,17.5 score,
1,Bahman Engineer,14,1,11:12 - s,5,220 reps - s,4,18:45 - s,1,306 reps - s,3,6:48 - s
2,Nate Lawson,22,3,12:26 - s,3,243 reps - s,1,12:00 - s,5,265 reps - s,10,7:39 - s
3,Craig Donaldson,55,11,13:57 - s,12,209 reps - s,28,191 reps - s,2,287 reps - s,2,6:43 - s
4,Peter Gascon,79,4,12:47 - s,18,206 reps - s,38,178 reps - s,18,250 reps - s,1,6:35 - s
5,Zachary Gentry,86,6,13:45 - s,7,216 reps - s,30,191 reps - s,11,253 reps - s,32,8:19 - s
5,Steven Baronian,86,15,14:24 - s,9,210 reps - s,18,23:27 - s,6,259 reps - s,38,8:29 - s
7,Steven Long,104,7,13:46 - s,25,202 reps - s,61,155 reps - s,4,267 reps - s,7,7:31 - s
8,Arnie Kuck,108,15,14:24 - s,10,209 reps - s,35,191 reps - s,23,248 reps - s,25,8:03 - s
9,Logan Eldridge,123,18,14:35 - s,15,207 reps - s,63,155 reps - s,10,255 reps - s,17,7:54 - s
10,Kevin Eiker,142,64,16:10 - s,27,201 reps - s,21,23:57 - s,9,255 reps - s,21,8:00 - s
11,Justin Keller,146,13,14:06 - s,22,204 reps - s,48,167 reps - s,28,246 reps - s,35,8:23 - s
12,Matt Vaurs,185,114,17:16 - s,16,207 reps - s,2,16:08 - s,41,238 reps - s,12,7:45 - s
13,John Jenkins,189,2,12:23 - s,141,146 reps - s,23,204 reps - s,8,257 reps - s,15,7:50 - s
13,Jeff Cyr,189,64,16:10 - s,28,200 reps - s,32,191 reps - s,21,249 reps - s,44,8:39 - s
15,Pradeep Ramanathan,194,47,15:47 - s,41,180 reps - s,22,215 reps - s,16,251 reps - s,68,9:16 - s
16,Ralphie Martinez,206,52,15:52 - s,77,170 reps - s,33,191 reps - s,38,240 reps - s,6,7:27 - s
17,Noah Chica,209,10,13:55 - s,50,176 reps - s,82,143 reps - s,35,242 reps - s,32,8:19 - s
18,Leandro Quintal,210,5,12:54 - s,19,205 reps - s,155,117 reps - s,3,275 reps - s,28,8:15 - s
19,Johnny Bradford,230,63,16:09 - s,52,175 reps - s,54,166 reps - s,47,236 reps - s,14,7:46 - s
20,David Stevens,237,8,13:48 - s,23,204 reps - s,169,107 reps - s,33,243 reps - s,4,7:24 - s
21,Samuel Noble,249,37,15:20 - s,11,209 reps - s,11,20:57 - s,24,248 reps - s,166,10:54 - s
22,Ali Sanayei,260,36,15:18 - s,57,175 reps - s,72,154 reps - s,13,253 reps - s,82,9:32 - s
22,Christian Picone,260,49,15:49 - s,51,175 reps - s,69,154 reps - s,36,241 reps - s,55,9:04 - s
24,David Canepa,269,105,17:10 - s,40,180 reps - s,13,22:09 - s,27,246 reps - s,84,9:34 - s
25,Joel Ereg,284,152,17:56 - s,14,207 reps - s,46,174 reps - s,48,236 reps - s,24,8:01 - s
26,Larry Hillman,293,107,17:12 - s,26,201 reps - s,71,154 reps - s,43,237 reps - s,46,8:45 - s
27,Troy Seitz,295,62,16:08 - s,37,182 reps - s,102,141 reps - s,56,231 reps - s,38,8:29 - s
28,Paul Rogers,302,27,14:59 - s,80,168 reps - s,34,191 reps - s,74,225 reps - s,87,9:35 - s
29,Henry Valle,304,110,17:15 - s,109,159 reps - s,24,203 reps - s,53,233 reps - s,8,7:32 - s
30,Donald Maiden,329,22,14:45 - s,121,152 reps - s,29,191 reps - s,34,242 reps - s,123,10:07 - s
31,Joel Preciado,334,189,18:28 - s,73,170 reps - s,8,20:12 - s,46,236 reps - s,18,7:56 - s
32,Trever Meier,346,161,18:04 - s,96,163 reps - s,40,178 reps - s,12,253 reps - s,37,8:27 - s
33,Ryan McKnight,377,64,16:10 - s,36,185 reps - s,70,154 reps - s,143,210 reps - s,64,9:15 - s
34,Sean Uyehara,378,25,14:53 - s,61,173 reps - s,99,141 reps - s,92,220 reps - s,101,9:47 - s
35,Marco Gamboa,384,94,16:54 - s,93,164 reps - s,51,166 reps - s,66,228 reps - s,80,9:30 - s
36,Michael Westley,392,38,15:22 - s,85,166 reps - s,178,106 reps - s,32,244 reps - s,59,9:12 - s
37,Yashu Chaudhary,395,24,14:52 - s,65,171 reps - s,64,155 reps - s,150,209 reps - s,92,9:39 - s
38,Travis Jermain,400,48,15:48 - s,66,171 reps - s,68,154 reps - s,189,204 reps - s,29,8:17 - s
39,Steven Soto,402,19,14:36 - s,67,171 reps - s,287,92 reps - s,19,250 reps - s,10,7:39 - s
40,Kenny Dominguez,421,130,17:31 - s,125,149 reps - s,20,23:49 - s,82,222 reps - s,64,9:15 - s
41,Josh Niles-Dancy,437,102,17:09 - s,212,137 reps - s,66,154 reps - s,7,257 reps - s,50,8:52 - s
42,Brian Adams,440,53,15:53 - s,17,207 reps - s,79,144 reps - s,17,251 reps - s,274,12:38 - s
43,Jonathan de St Paer,446,23,14:46 - s,32,196 reps - s,136,129 reps - s,174,205 reps - s,81,9:31 - s
44,Tobias Hammon,450,212,18:42 - s,35,193 reps - s,123,131 reps - s,61,230 reps - s,19,7:58 - s
45,Kelly Underwood,460,264,19:24 - s,21,204 reps - s,3,16:42 - s,168,207 reps - s,4,7:24 - s
46,Travis Swafford,488,145,17:49 - s,281,125 reps - s,5,19:10 - s,26,246 reps - s,31,8:18 - s
47,John Bryce,495,100,17:07 - s,120,153 reps - s,111,137 reps - s,92,220 reps - s,72,9:19 - s
48,Cory Wong,502,125,17:29 - s,31,196 reps - s,116,133 reps - s,156,208 reps - s,74,9:24 - s
49,Michael Dearborn,505,69,16:15 - s,63,172 reps - s,162,117 reps - s,137,210 reps - s,74,9:24 - s
50,Gustavo Salas,508,80,16:36 - s,136,146 reps - s,118,132 reps - s,96,220 reps - s,78,9:29 - s
51,Jose Cong,528,98,17:04 - s,60,173 reps - s,235,96 reps - s,83,222 reps - s,52,9:01 - s
52,Nitin Mathur,532,179,18:17 - s,49,176 reps - s,74,154 reps - s,96,220 reps - s,134,10:18 - s
53,William Trovato,537,9,13:51 - s,132,146 reps - s,229,97 reps - s,116,215 reps - s,51,8:53 - s
54,Jaeduck Park,542,34,15:15 - s,20,204 reps - s,250,95 reps - s,155,208 reps - s,83,9:33 - s
55,Chris Madron,563,45,15:44 - s,55,175 reps - s,126,131 reps - s,111,216 reps - s,226,11:46 - s
56,John Touchette,583,142,17:45 - s,114,159 reps - s,217,103 reps - s,64,229 reps - s,46,8:45 - s
57,Franck Marchis,592,179,18:17 - s,81,168 reps - s,65,154 reps - s,172,206 reps - s,95,9:43 - s
58,Wayne Hung,599,197,18:33 - s,94,164 reps - s,60,156 reps - s,170,206 reps - s,78,9:29 - s
59,David Fahn,611,121,17:27 - s,139,146 reps - s,168,107 reps - s,142,210 reps - s,41,8:31 - s
60,B. Mitchell Houle,612,85,16:41 - s,82,168 reps - s,12,21:36 - s,259,196 reps - s,174,10:57 - s
61,Gary McCrea,614,230,18:59 - s,54,175 reps - s,26,203 reps - s,162,207 reps - s,142,10:24 - s
62,Brian Stefano,615,57,16:00 - s,104,162 reps - s,142,129 reps - s,104,219 reps - s,208,11:27 - s
63,Ryan Bagley,619,100,17:07 - s,134,146 reps - s,167,107 reps - s,159,208 reps - s,59,9:12 - s
64,Jeff Lee,629,102,17:09 - s,144,146 reps - s,180,106 reps - s,39,239 reps - s,164,10:53 - s
65,Douglas Hayden,632,203,18:36 - s,107,160 reps - s,137,129 reps - s,96,220 reps - s,89,9:37 - s
66,Sergio Monsalve,636,42,15:39 - s,34,196 reps - s,132,130 reps - s,420,175 reps - s,8,7:32 - s
67,Adrian Moreno,646,12,14:04 - s,386,113 reps - s,170,107 reps - s,58,231 reps - s,20,7:59 - s
68,Sunil Mirpuri,655,117,17:25 - s,198,139 reps - s,76,154 reps - s,167,207 reps - s,97,9:44 - s
69,Rafael Padilla,669,39,15:31 - s,191,139 reps - s,124,131 reps - s,139,210 reps - s,176,10:59 - s
70,Christian Soto,671,295,19:45 - s,148,144 reps - s,55,166 reps - s,158,208 reps - s,15,7:50 - s
71,Alan lam,673,335,222 reps - s,86,166 reps - s,45,174 reps - s,153,208 reps - s,54,9:03 - s
72,Scot Brew,676,119,17:26 - s,29,197 reps - s,260,94 reps - s,49,235 reps - s,219,11:39 - s
73,Frantisek Kolar,679,176,18:15 - s,90,165 reps - s,204,104 reps - s,100,220 reps - s,109,9:53 - s
74,Brandon Moody,686,132,17:32 - s,53,175 reps - s,189,105 reps - s,194,203 reps - s,118,10:01 - s
75,Tony Gaeta,688,41,15:38 - s,235,136 reps - s,298,92 reps - s,55,232 reps - s,59,9:12 - s
76,Nathaniel Mershon,689,68,16:12 - s,185,140 reps - s,73,154 reps - s,229,199 reps - s,134,10:18 - s
77,Jeremiah Bass,691,331,223 reps - s,77,170 reps - s,81,143 reps - s,85,221 reps - s,117,9:59 - s
78,Phillip Ma,693,93,16:53 - s,181,141 reps - s,145,120 reps - s,40,239 reps - s,234,11:59 - s
79,Craig Kavales,697,114,17:16 - s,339,119 reps - s,158,117 reps - s,44,237 reps - s,42,8:32 - s
80,Matthew Dupea,703,245,19:13 - s,123,151 reps - s,43,178 reps - s,197,202 reps - s,95,9:43 - s
81,Daemon Duran,705,97,17:01 - s,39,180 reps - s,42,178 reps - s,255,196 reps - s,272,12:35 - s
82,Frederick Hawkins,707,81,16:38 - s,180,141 reps - s,270,93 reps - s,31,244 reps - s,145,10:28 - s
83,Ryan Friedrich,715,140,17:43 - s,184,140 reps - s,214,104 reps - s,88,220 reps - s,89,9:37 - s
84,Tony Knight,723,136,17:34 - s,75,170 reps - s,147,119 reps - s,272,193 reps - s,93,9:40 - s
85,Duncan Pickard,725,137,17:36 - s,176,141 reps - s,271,93 reps - s,67,227 reps - s,74,9:24 - s
86,Blake Bittner,730,117,17:25 - s,63,172 reps - s,224,100 reps - s,178,205 reps - s,148,10:29 - s
87,Brian Senteney,738,246,19:14 - s,280,126 reps - s,132,130 reps - s,37,240 reps - s,43,8:36 - s
88,Glen Prieto,742,130,17:31 - s,87,166 reps - s,146,119 reps - s,210,202 reps - s,169,10:55 - s
89,Cleo Barretto,744,74,16:30 - s,13,207 reps - s,87,142 reps - s,50,235 reps - s,520,0
90,Doug Frisbie,754,149,17:52 - s,179,141 reps - s,223,100 reps - s,65,229 reps - s,138,10:19 - s
91,Paul Nash,755,110,17:15 - s,58,175 reps - s,16,23:12 - s,51,235 reps - s,520,0
92,Chris Pollard,756,300,19:46 - s,330,120 reps - s,59,163 reps - s,22,249 reps - s,45,8:43 - s
92,Eric Bower,756,60,16:07 - s,116,158 reps - s,319,81 reps - s,121,214 reps - s,140,10:22 - s
94,Thuy Duong,758,274,19:31 - s,202,138 reps - s,17,23:17 - s,103,219 reps - s,162,10:51 - s
95,Quinn Tomlin,761,194,18:32 - s,195,139 reps - s,56,166 reps - s,125,212 reps - s,191,11:09 - s
96,Carter Gawron,763,53,15:53 - s,192,139 reps - s,250,95 reps - s,112,216 reps - s,156,10:43 - s
96,Christian Mojica,763,125,17:29 - s,144,146 reps - s,152,118 reps - s,227,200 reps - s,115,9:58 - s
98,Carlo Nocon,781,125,17:29 - s,95,163 reps - s,198,105 reps - s,252,197 reps - s,111,9:54 - s
99,David Hashisaka,782,319,19:59 - s,174,141 reps - s,126,131 reps - s,74,225 reps - s,89,9:37 - s
100,Randy Reyes,792,70,16:19 - s,256,130 reps - s,306,83 reps - s,54,232 reps - s,106,9:50 - s
101,Nick Gilligan,797,81,16:38 - s,30,197 reps - s,575,0,84,221 reps - s,27,8:14 - s
102,John Ireland,805,318,19:57 - s,204,138 reps - s,62,155 reps - s,70,226 reps - s,151,10:37 - s
103,Herald Hernandez,816,218,18:48 - s,102,162 reps - s,97,141 reps - s,276,193 reps - s,123,10:07 - s
103,Roland Castro,816,166,18:06 - s,167,141 reps - s,121,131 reps - s,136,210 reps - s,226,11:46 - s
105,Clint OConnor,833,158,18:01 - s,99,162 reps - s,151,118 reps - s,87,220 reps - s,338,14:04 - s
106,Seth Tantuico,834,253,19:19 - s,126,149 reps - s,91,142 reps - s,294,191 reps - s,70,9:18 - s
107,Reginaldo Gamboa,837,28,15:00 - s,59,174 reps - s,188,106 reps - s,42,238 reps - s,520,0
108,Andre Moore,844,413,213 reps - s,97,163 reps - s,19,23:42 - s,181,205 reps - s,134,10:18 - s
109,Derek Russell,858,171,18:11 - s,140,146 reps - s,195,105 reps - s,96,220 reps - s,256,12:15 - s
110,Kyle Orth,864,30,15:08 - s,4,224 reps - s,241,96 reps - s,69,226 reps - s,520,0
111,Andy Selby,865,14,14:20 - s,566,80 reps - s,157,117 reps - s,107,217 reps - s,21,8:00 - s
111,Rafike Abdo,865,74,16:30 - s,42,180 reps - s,67,154 reps - s,576,0,106,9:50 - s
113,Ryan Gee,892,179,18:17 - s,304,122 reps - s,206,104 reps - s,62,230 reps - s,141,10:23 - s
114,Chris Klein,893,222,18:51 - s,289,124 reps - s,238,96 reps - s,60,230 reps - s,84,9:34 - s
114,Xavier Bamberger,893,106,17:11 - s,400,112 reps - s,90,142 reps - s,165,207 reps - s,132,10:17 - s
116,Clinton Yada,908,189,18:28 - s,47,177 reps - s,292,92 reps - s,179,205 reps - s,201,11:16 - s
117,Talbot Harty,914,268,19:26 - s,158,142 reps - s,258,94 reps - s,110,217 reps - s,120,10:05 - s
118,Jon Clark,918,56,15:58 - s,197,139 reps - s,202,104 reps - s,240,198 reps - s,223,11:43 - s
119,Jacob MacDonell,923,26,14:54 - s,69,170 reps - s,218,103 reps - s,576,0,34,8:21 - s
120,Andrew Macrae,933,362,218 reps - s,74,170 reps - s,131,130 reps - s,247,197 reps - s,119,10:03 - s
121,Dan Rosenbaum,935,205,18:37 - s,178,141 reps - s,107,140 reps - s,205,202 reps - s,240,12:02 - s
122,Jeffrey Anderson,937,246,19:14 - s,226,136 reps - s,191,105 reps - s,105,218 reps - s,169,10:55 - s
123,Christopher Egner,941,40,15:32 - s,501,89 reps - s,35,191 reps - s,106,217 reps - s,259,12:19 - s
123,Tim Howard,941,110,17:15 - s,235,136 reps - s,100,141 reps - s,206,202 reps - s,290,12:49 - s
125,Matt Bray,942,116,17:19 - s,653,0,31,191 reps - s,113,215 reps - s,29,8:17 - s
126,Isaiah Garcia,945,21,14:39 - s,56,175 reps - s,173,106 reps - s,175,205 reps - s,520,0
127,Robert Portillo,962,148,17:51 - s,196,139 reps - s,98,141 reps - s,423,174 reps - s,97,9:44 - s
128,Bill Garvey,969,278,19:36 - s,193,139 reps - s,207,104 reps - s,132,211 reps - s,159,10:45 - s
129,Wes Winter,971,132,17:32 - s,284,125 reps - s,285,92 reps - s,217,201 reps - s,53,9:02 - s
130,Jim Puntonio,973,161,18:04 - s,137,146 reps - s,517,46 reps - s,20,250 reps - s,138,10:19 - s
131,Don Lee,981,58,16:03 - s,46,177 reps - s,557,43 reps - s,77,224 reps - s,243,12:03 - s
131,Sean Rockwell,981,81,16:38 - s,117,157 reps - s,575,0,134,210 reps - s,74,9:24 - s
133,JoJo Fanucchi,983,67,16:11 - s,176,141 reps - s,359,70 reps - s,256,196 reps - s,125,10:09 - s
134,Aaron Aseltine,986,377,217 reps - s,48,176 reps - s,211,104 reps - s,230,199 reps - s,120,10:05 - s
135,Tom Wierzchon,1004,210,18:41 - s,133,146 reps - s,265,94 reps - s,163,207 reps - s,233,11:56 - s
136,Andrew Padilla,1009,306,19:50 - s,325,120 reps - s,49,167 reps - s,109,217 reps - s,220,11:40 - s
137,Dennis Allen,1020,152,17:56 - s,222,136 reps - s,256,94 reps - s,108,217 reps - s,282,12:43 - s
138,Gary Levin,1024,221,18:50 - s,72,170 reps - s,575,0,135,210 reps - s,21,8:00 - s
139,Brendhan Green,1034,142,17:45 - s,234,136 reps - s,252,95 reps - s,166,207 reps - s,240,12:02 - s
140,Dave Ranker,1037,235,19:06 - s,237,136 reps - s,239,96 reps - s,117,215 reps - s,209,11:30 - s
141,Derrick Light,1041,256,19:20 - s,349,117 reps - s,89,142 reps - s,244,198 reps - s,103,9:49 - s
142,Ryan Perry,1044,383,216 reps - s,213,136 reps - s,176,106 reps - s,90,220 reps - s,182,11:03 - s
143,Eric Chang,1048,268,19:26 - s,171,141 reps - s,313,82 reps - s,145,210 reps - s,151,10:37 - s
144,Milad Odabaei,1052,125,17:29 - s,88,166 reps - s,219,103 reps - s,100,220 reps - s,520,0
145,Mike Chavez,1057,141,17:44 - s,115,158 reps - s,558,43 reps - s,71,225 reps - s,172,10:56 - s
146,Ian McRae,1062,489,200 reps - s,210,137 reps - s,112,137 reps - s,79,223 reps - s,172,10:56 - s
147,Shawn Tate,1064,511,195 reps - s,263,128 reps - s,109,138 reps - s,123,213 reps - s,58,9:10 - s
147,Tim Kelm,1064,90,16:48 - s,181,141 reps - s,344,70 reps - s,214,201 reps - s,235,12:00 - s
149,Jose Ayala,1066,496,198 reps - s,334,119 reps - s,80,143 reps - s,68,227 reps - s,88,9:36 - s
149,Harsh Chandolia,1066,323,20:00 - s,137,146 reps - s,148,119 reps - s,193,203 reps - s,265,12:23 - s
151,Huachao Chen,1068,71,16:22 - s,286,125 reps - s,575,0,72,225 reps - s,64,9:15 - s
152,Brian Duff,1069,213,18:45 - s,128,147 reps - s,371,69 reps - s,129,211 reps - s,228,11:48 - s
153,John Lercara,1072,302,19:48 - s,68,170 reps - s,130,130 reps - s,52,234 reps - s,520,0
153,Steve Sakata,1072,523,192 reps - s,141,146 reps - s,96,141 reps - s,127,212 reps - s,185,11:05 - s
155,Justin Hart,1075,261,19:22 - s,274,128 reps - s,92,142 reps - s,239,198 reps - s,209,11:30 - s
156,Jeff Beckman,1076,323,20:00 - s,292,124 reps - s,141,129 reps - s,191,203 reps - s,129,10:14 - s
157,Nicholas Sanchez,1079,72,16:28 - s,38,181 reps - s,296,92 reps - s,576,0,97,9:44 - s
158,Garrett Ridley,1080,762,0,119,154 reps - s,114,135 reps - s,30,245 reps - s,55,9:04 - s
159,Rob Mayeda,1104,275,19:32 - s,118,156 reps - s,294,92 reps - s,148,209 reps - s,269,12:26 - s
160,Charles Hodges,1119,311,19:54 - s,352,117 reps - s,94,142 reps - s,236,198 reps - s,126,10:10 - s
161,Tim Johnson,1121,35,15:16 - s,308,122 reps - s,244,95 reps - s,14,252 reps - s,520,0
162,Michael Simmons,1126,271,19:27 - s,206,138 reps - s,575,0,15,251 reps - s,59,9:12 - s
163,Jose Valle,1136,418,213 reps - s,171,141 reps - s,115,134 reps - s,231,199 reps - s,201,11:16 - s
164,Nick Perdigao,1150,155,17:57 - s,300,123 reps - s,95,141 reps - s,80,223 reps - s,520,0
165,Joe Moreno,1164,89,16:47 - s,159,142 reps - s,521,45 reps - s,124,213 reps - s,271,12:31 - s
166,Tyler Cefalu,1169,306,19:50 - s,122,152 reps - s,83,143 reps - s,138,210 reps - s,520,0
167,Jim Drain,1184,119,17:26 - s,273,128 reps - s,575,0,89,220 reps - s,128,10:12 - s
168,Jonathan Goodwin,1197,158,18:01 - s,103,162 reps - s,199,104 reps - s,408,176 reps - s,329,13:41 - s
169,Damon Gobble,1200,188,18:27 - s,286,125 reps - s,284,92 reps - s,198,202 reps - s,244,12:04 - s
170,Thomas Fontana,1202,155,17:57 - s,209,137 reps - s,193,105 reps - s,576,0,69,9:17 - s
171,Greg King,1203,277,19:33 - s,127,148 reps - s,7,19:52 - s,576,0,216,11:35 - s
172,David Hilburn,1204,436,211 reps - s,165,141 reps - s,375,69 reps - s,120,214 reps - s,108,9:52 - s
173,Gianni Nola,1210,49,15:49 - s,24,203 reps - s,477,55 reps - s,576,0,84,9:34 - s
173,Cliff Rawls,1210,287,19:42 - s,75,170 reps - s,264,94 reps - s,257,196 reps - s,327,13:29 - s
175,Don Rigler,1211,110,17:15 - s,163,141 reps - s,553,43 reps - s,209,202 reps - s,176,10:59 - s
176,Dave Kruzeniski,1214,545,188 reps - s,194,139 reps - s,212,104 reps - s,154,208 reps - s,109,9:53 - s
177,Justin Navarro,1215,121,17:27 - s,425,108 reps - s,27,203 reps - s,122,214 reps - s,520,0
178,Michael Xiong,1216,762,0,147,145 reps - s,39,178 reps - s,157,208 reps - s,111,9:54 - s
179,Christian Ortez,1220,587,180 reps - s,203,138 reps - s,203,104 reps - s,45,237 reps - s,182,11:03 - s
180,Tim Valadez,1223,386,216 reps - s,390,112 reps - s,50,167 reps - s,334,186 reps - s,63,9:13 - s
181,Joe Henry,1228,213,18:45 - s,42,180 reps - s,156,117 reps - s,297,190 reps - s,520,0
182,David Kim,1238,144,17:48 - s,89,165 reps - s,269,94 reps - s,576,0,160,10:46 - s
183,Trey Teller,1240,586,180 reps - s,257,130 reps - s,108,139 reps - s,186,204 reps - s,103,9:49 - s
184,John Weires,1241,228,18:54 - s,336,119 reps - s,226,98 reps - s,237,198 reps - s,214,11:32 - s
185,Carlos Fuenzalida,1243,184,18:24 - s,186,140 reps - s,308,83 reps - s,270,194 reps - s,295,12:55 - s
186,Ravi Teja Doddapaneni,1245,178,18:16 - s,313,122 reps - s,189,105 reps - s,215,201 reps - s,350,14:17 - s
187,Matt Soza,1249,488,200 reps - s,214,136 reps - s,234,96 reps - s,184,204 reps - s,129,10:14 - s
188,Mike Murphy,1251,161,18:04 - s,188,140 reps - s,378,68 reps - s,267,194 reps - s,257,12:16 - s
189,Rob Zwolinski,1256,353,219 reps - s,537,84 reps - s,196,105 reps - s,130,211 reps - s,40,8:30 - s
190,Baran Can,1260,227,18:53 - s,146,145 reps - s,135,129 reps - s,576,0,176,10:59 - s
191,Amal Ortega,1265,246,19:14 - s,135,146 reps - s,215,104 reps - s,149,209 reps - s,520,0
192,Wes Freuler,1270,160,18:03 - s,412,109 reps - s,222,100 reps - s,76,224 reps - s,400,15:38 - s
192,Alan Goodman,1270,301,19:47 - s,153,143 reps - s,575,0,92,220 reps - s,149,10:36 - s
194,Nicholas Loomis,1272,78,16:34 - s,6,218 reps - s,574,1 reps - s,207,202 reps - s,407,15:54 - s
195,David Anderson,1278,419,213 reps - s,250,132 reps - s,242,95 reps - s,176,205 reps - s,191,11:09 - s
196,Ben Edelhart,1281,389,215 reps - s,497,90 reps - s,52,166 reps - s,331,186 reps - s,12,7:45 - s
197,Joe LaVery,1284,107,17:12 - s,310,122 reps - s,310,83 reps - s,241,198 reps - s,316,13:16 - s
198,Nick Mangini,1290,386,216 reps - s,350,117 reps - s,88,142 reps - s,277,193 reps - s,189,11:08 - s
199,Logan Trudell,1302,121,17:27 - s,653,0,196,105 reps - s,168,207 reps - s,164,10:53 - s
200,Jordon Zentz,1306,395,215 reps - s,337,119 reps - s,9,20:20 - s,279,192 reps - s,286,12:46 - s
200,Ryan Jones,1306,445,210 reps - s,291,124 reps - s,58,163 reps - s,299,190 reps - s,213,11:31 - s
202,Manohar Bandaru,1307,264,19:24 - s,251,132 reps - s,391,67 reps - s,146,210 reps - s,255,12:13 - s
202,Marc Hollis,1307,224,18:52 - s,244,133 reps - s,247,95 reps - s,202,202 reps - s,390,15:12 - s
204,Richard Thompson,1313,189,18:28 - s,199,138 reps - s,339,71 reps - s,218,201 reps - s,368,14:41 - s
205,Minh Nguyen,1316,341,220 reps - s,225,136 reps - s,177,106 reps - s,447,166 reps - s,126,10:10 - s
206,Paul Kent,1321,179,18:17 - s,483,93 reps - s,180,106 reps - s,163,207 reps - s,316,13:16 - s
207,Eric Aring,1324,453,210 reps - s,290,124 reps - s,103,141 reps - s,344,185 reps - s,134,10:18 - s
208,Thomas Daurelio,1341,536,190 reps - s,245,133 reps - s,128,131 reps - s,223,200 reps - s,209,11:30 - s
209,Richard Cacal,1345,192,18:29 - s,173,141 reps - s,431,59 reps - s,429,172 reps - s,120,10:05 - s
210,Jp Abgrall,1346,401,214 reps - s,218,136 reps - s,300,86 reps - s,192,203 reps - s,235,12:00 - s
211,Eric Schlezinger,1348,448,210 reps - s,269,128 reps - s,154,117 reps - s,203,202 reps - s,274,12:38 - s
212,Ricky Mesa,1349,336,221 reps - s,442,106 reps - s,143,120 reps - s,262,195 reps - s,166,10:54 - s
213,Ryan Shepherd,1351,443,211 reps - s,233,136 reps - s,14,22:48 - s,141,210 reps - s,520,0
214,Steven Hartung,1354,201,18:35 - s,307,122 reps - s,575,0,86,221 reps - s,185,11:05 - s
215,Khamprasong Sayavong,1368,86,16:43 - s,330,120 reps - s,575,0,177,205 reps - s,200,11:15 - s
215,Paul Nelson,1368,359,218 reps - s,124,151 reps - s,307,83 reps - s,285,192 reps - s,293,12:54 - s
217,Adam Clemente,1370,51,15:51 - s,70,170 reps - s,153,117 reps - s,576,0,520,0
218,Erik Reindl,1375,232,19:00 - s,113,159 reps - s,365,69 reps - s,372,182 reps - s,293,12:54 - s
219,Sudhanshu Gaur,1379,327,224 reps - s,329,120 reps - s,228,97 reps - s,339,185 reps - s,156,10:43 - s
220,Johannes Wong,1382,168,18:09 - s,310,122 reps - s,349,70 reps - s,349,185 reps - s,206,11:22 - s
221,JIM O'REILLY,1384,422,213 reps - s,370,115 reps - s,113,135 reps - s,248,197 reps - s,231,11:54 - s
221,Cameron Ng,1384,323,20:00 - s,201,138 reps - s,289,92 reps - s,303,190 reps - s,268,12:25 - s
223,Devyn La Tulippe,1393,762,0,45,179 reps - s,41,178 reps - s,25,247 reps - s,520,0
224,Brian Barish,1395,205,18:37 - s,166,141 reps - s,485,53 reps - s,290,191 reps - s,249,12:07 - s
225,David Flores,1396,145,17:49 - s,320,121 reps - s,248,95 reps - s,459,164 reps - s,224,11:44 - s
226,Arturo Moroyoqui,1400,427,212 reps - s,152,143 reps - s,159,117 reps - s,356,184 reps - s,306,13:02 - s
227,Rodney Wade,1402,524,192 reps - s,346,118 reps - s,37,179 reps - s,342,185 reps - s,153,10:40 - s
228,Kevin Krogman,1403,197,18:33 - s,264,128 reps - s,171,107 reps - s,576,0,195,11:10 - s
229,Ryan Porter,1418,360,218 reps - s,155,143 reps - s,120,132 reps - s,263,195 reps - s,520,0
230,Tommy Freeman,1425,197,18:33 - s,70,170 reps - s,575,0,63,230 reps - s,520,0
231,Doug Link,1429,203,18:36 - s,416,109 reps - s,366,69 reps - s,200,202 reps - s,244,12:04 - s
232,Jimmy Johnson,1436,167,18:08 - s,230,136 reps - s,504,47 reps - s,250,197 reps - s,285,12:44 - s
233,Paul Desa,1437,452,210 reps - s,223,136 reps - s,119,132 reps - s,384,180 reps - s,259,12:19 - s
234,Ryan Dawson,1439,342,220 reps - s,653,0,138,129 reps - s,115,215 reps - s,191,11:09 - s
235,Frank Filice,1449,426,212 reps - s,383,113 reps - s,192,105 reps - s,219,201 reps - s,229,11:50 - s
236,Luis Plaza,1459,464,208 reps - s,219,136 reps - s,6,19:49 - s,390,179 reps - s,380,14:54 - s
237,Edgar Tuliao,1461,416,213 reps - s,332,119 reps - s,288,92 reps - s,311,189 reps - s,114,9:57 - s
238,Joshua Lykes,1463,762,0,237,136 reps - s,78,154 reps - s,151,209 reps - s,235,12:00 - s
239,Robert Castillo,1485,337,221 reps - s,320,121 reps - s,322,81 reps - s,220,201 reps - s,286,12:46 - s
240,Russel Iglesias,1487,344,220 reps - s,461,103 reps - s,186,106 reps - s,321,188 reps - s,175,10:58 - s
241,Chris Towne,1497,599,179 reps - s,554,82 reps - s,15,23:06 - s,114,215 reps - s,215,11:34 - s
242,Vonryan Victorio,1500,145,17:49 - s,155,143 reps - s,405,63 reps - s,275,193 reps - s,520,0
243,Christian Bretz,1504,87,16:46 - s,254,131 reps - s,554,43 reps - s,378,181 reps - s,231,11:54 - s
243,Danny White,1504,385,216 reps - s,409,110 reps - s,354,70 reps - s,171,206 reps - s,185,11:05 - s
245,Daniel Petersen,1507,17,14:25 - s,189,140 reps - s,205,104 reps - s,576,0,520,0
246,Paul Qualls,1510,347,220 reps - s,502,89 reps - s,101,141 reps - s,335,186 reps - s,225,11:45 - s
246,Carlos Botas,1510,369,217 reps - s,229,136 reps - s,185,106 reps - s,207,202 reps - s,520,0
248,Blake Beck,1515,45,15:44 - s,275,127 reps - s,575,0,100,220 reps - s,520,0
249,Mark Emerson,1522,328,224 reps - s,359,116 reps - s,340,71 reps - s,316,188 reps - s,179,11:00 - s
250,Alex Sigrist,1523,286,19:41 - s,445,106 reps - s,421,60 reps - s,183,205 reps - s,188,11:06 - s
251,Jeffrey Spaulding,1525,462,209 reps - s,377,114 reps - s,216,104 reps - s,397,178 reps - s,73,9:22 - s
252,Steve Cracknell,1537,455,210 reps - s,168,141 reps - s,267,94 reps - s,352,184 reps - s,295,12:55 - s
253,Graham King,1542,129,17:30 - s,130,147 reps - s,342,71 reps - s,576,0,365,14:35 - s
253,Divey Saini,1542,370,217 reps - s,389,112 reps - s,291,92 reps - s,187,204 reps - s,305,13:01 - s
255,Jason Trotta,1544,500,198 reps - s,582,78 reps - s,53,166 reps - s,260,195 reps - s,149,10:36 - s
255,Dan Kelley,1544,135,17:33 - s,278,126 reps - s,446,57 reps - s,355,184 reps - s,330,13:47 - s
255,Oraldo Martinez,1544,287,19:42 - s,653,0,182,106 reps - s,152,208 reps - s,270,12:27 - s
258,Saul Guerrero,1545,207,18:38 - s,398,112 reps - s,231,96 reps - s,363,183 reps - s,346,14:13 - s
259,Sze-lung Tsai,1550,230,18:59 - s,228,136 reps - s,350,70 reps - s,576,0,166,10:54 - s
260,Will Rucker,1552,194,18:32 - s,217,136 reps - s,422,60 reps - s,289,191 reps - s,430,16:40 - s
261,Izayah Nitchmann,1555,358,218 reps - s,246,133 reps - s,407,61 reps - s,399,178 reps - s,145,10:28 - s
262,Dayne Ahuna,1564,222,18:51 - s,653,0,575,0,57,231 reps - s,57,9:08 - s
263,Dan Mechling,1567,762,0,129,147 reps - s,84,143 reps - s,72,225 reps - s,520,0
264,Waleed Shinwari,1570,577,182 reps - s,271,128 reps - s,280,93 reps - s,222,200 reps - s,220,11:40 - s
265,Rhett Miller,1571,762,0,100,162 reps - s,271,93 reps - s,233,199 reps - s,205,11:21 - s
266,Mark Carpenter,1572,316,19:56 - s,1,282 reps - s,575,0,427,172 reps - s,253,12:11 - s
267,Matthew Altamirano,1574,312,19:55 - s,423,108 reps - s,389,67 reps - s,212,201 reps - s,238,12:01 - s
268,Philip Stepanek,1588,33,15:14 - s,211,137 reps - s,575,0,249,197 reps - s,520,0
268,David Lambert,1588,416,213 reps - s,160,142 reps - s,304,84 reps - s,188,204 reps - s,520,0
270,Markus Punsalan,1597,258,19:21 - s,254,131 reps - s,334,71 reps - s,231,199 reps - s,520,0
271,Chip Yamaguchi,1599,499,198 reps - s,319,121 reps - s,149,119 reps - s,328,187 reps - s,304,13:00 - s
272,Dan Date,1603,280,19:37 - s,318,121 reps - s,467,56 reps - s,357,184 reps - s,181,11:02 - s
273,Jeff Norris,1604,310,19:53 - s,299,123 reps - s,384,68 reps - s,91,220 reps - s,520,0
274,Michael Kaminsky,1611,44,15:41 - s,653,0,575,0,160,208 reps - s,179,11:00 - s
275,Lance Ace Roxas,1614,361,218 reps - s,91,165 reps - s,448,57 reps - s,274,193 reps - s,440,17:04 - s
276,Zack LaFerriere,1617,343,220 reps - s,206,138 reps - s,430,59 reps - s,118,215 reps - s,520,0
277,Luke Nave,1622,238,19:09 - s,276,127 reps - s,208,104 reps - s,576,0,324,13:26 - s
278,Jeremy Thornton,1623,514,195 reps - s,237,136 reps - s,86,143 reps - s,266,195 reps - s,520,0
279,Thomas Novak,1624,261,19:22 - s,567,79 reps - s,346,70 reps - s,261,195 reps - s,189,11:08 - s
280,Christopher O'Hara,1626,762,0,108,159 reps - s,575,0,78,223 reps - s,103,9:49 - s
280,Sri Ram Bathina,1626,666,162 reps - s,262,129 reps - s,93,142 reps - s,401,178 reps - s,204,11:20 - s
282,Keoni Perkins,1628,373,217 reps - s,443,106 reps - s,253,95 reps - s,281,192 reps - s,278,12:40 - s
283,Edward Li,1640,503,197 reps - s,382,113 reps - s,320,81 reps - s,238,198 reps - s,197,11:14 - s
284,Bj Bunton,1641,224,18:52 - s,578,78 reps - s,410,61 reps - s,211,201 reps - s,218,11:38 - s
285,Rob Schmidt,1645,495,198 reps - s,297,123 reps - s,278,93 reps - s,293,191 reps - s,282,12:43 - s
286,Eugene Hanes,1651,365,218 reps - s,579,78 reps - s,163,117 reps - s,126,212 reps - s,418,16:19 - s
287,Bradley Wasserman,1653,762,0,285,125 reps - s,57,166 reps - s,254,196 reps - s,295,12:55 - s
288,Mark Lustenberger,1657,234,19:04 - s,170,141 reps - s,575,0,576,0,102,9:48 - s
289,Danny Galindo,1665,354,219 reps - s,402,111 reps - s,338,71 reps - s,195,203 reps - s,376,14:50 - s
290,Aaron Phillips,1666,173,18:13 - s,216,136 reps - s,575,0,182,205 reps - s,520,0
291,Varun Vruddhula,1674,42,15:39 - s,453,104 reps - s,448,57 reps - s,413,175 reps - s,318,13:17 - s
291,Joaquin Feliciano,1674,431,212 reps - s,421,108 reps - s,161,117 reps - s,360,183 reps - s,301,12:57 - s
293,Jay Jamison,1676,282,19:39 - s,504,89 reps - s,575,0,29,245 reps - s,286,12:46 - s
294,Peter Hartman,1679,441,211 reps - s,168,141 reps - s,500,48 reps - s,305,190 reps - s,265,12:23 - s
295,Terry Geiger,1686,525,192 reps - s,618,78 reps - s,85,143 reps - s,304,190 reps - s,154,10:41 - s
295,Jervin Bisquera,1686,386,216 reps - s,266,128 reps - s,172,106 reps - s,342,185 reps - s,520,0
297,Sam Vora,1689,435,211 reps - s,230,136 reps - s,286,92 reps - s,576,0,162,10:51 - s
298,Mason Stewart,1690,165,18:05 - s,583,78 reps - s,480,55 reps - s,301,190 reps - s,161,10:47 - s
299,Garrett Bily,1694,468,207 reps - s,303,123 reps - s,194,105 reps - s,295,191 reps - s,434,16:54 - s
300,Nathan Binkert,1700,138,17:40 - s,362,116 reps - s,104,141 reps - s,576,0,520,0
300,Rey Evangelista,1700,235,19:06 - s,219,136 reps - s,363,69 reps - s,576,0,307,13:06 - s
302,Jason Gomes,1703,485,201 reps - s,112,159 reps - s,10,20:23 - s,576,0,520,0
303,Nicholas Scarabosio,1708,149,17:52 - s,314,121 reps - s,575,0,576,0,94,9:41 - s
303,Greg Bouwens,1708,151,17:53 - s,536,84 reps - s,531,45 reps - s,246,197 reps - s,244,12:04 - s
305,Dietrich Featherston,1711,762,0,150,143 reps - s,262,94 reps - s,213,201 reps - s,324,13:26 - s
306,Brandon Hines,1719,425,212 reps - s,261,129 reps - s,575,0,228,199 reps - s,230,11:53 - s
307,Christian Nelsen,1721,246,19:14 - s,181,141 reps - s,575,0,576,0,143,10:26 - s
308,Lawrence Diener,1723,330,223 reps - s,301,123 reps - s,355,70 reps - s,394,179 reps - s,343,14:11 - s
309,Cullen Faeth,1724,267,19:25 - s,653,0,225,98 reps - s,59,230 reps - s,520,0
310,Chris Labozzetta,1728,486,201 reps - s,513,88 reps - s,109,138 reps - s,284,192 reps - s,336,14:00 - s
311,Giovanni Galarza,1729,87,16:46 - s,569,79 reps - s,280,93 reps - s,309,190 reps - s,484,19:58 - s
312,Clint Young,1733,517,194 reps - s,448,105 reps - s,183,106 reps - s,224,200 reps - s,361,14:29 - s
313,Christian Fox,1738,376,217 reps - s,227,136 reps - s,436,58 reps - s,379,181 reps - s,320,13:20 - s
314,Paul Lohse,1743,99,17:06 - s,653,0,575,0,196,203 reps - s,220,11:40 - s
314,Raymond Lee,1743,193,18:30 - s,230,136 reps - s,575,0,225,200 reps - s,520,0
316,Dyron Mack,1747,449,210 reps - s,439,107 reps - s,125,131 reps - s,399,178 reps - s,335,13:59 - s
317,Zvonimir Bandic,1750,402,214 reps - s,270,128 reps - s,356,70 reps - s,389,180 reps - s,333,13:49 - s
318,Pete Troiani,1752,224,18:52 - s,205,138 reps - s,422,60 reps - s,439,169 reps - s,462,18:33 - s
319,Tracy Sannebeck,1754,346,220 reps - s,493,91 reps - s,351,70 reps - s,317,188 reps - s,247,12:05 - s
320,Rob Kricena,1755,200,18:34 - s,328,120 reps - s,332,71 reps - s,375,181 reps - s,520,0
321,Ross Hangebrauck,1759,407,214 reps - s,495,91 reps - s,460,56 reps - s,147,209 reps - s,250,12:08 - s
322,Voldemar Maisov,1768,403,214 reps - s,306,122 reps - s,417,60 reps - s,199,202 reps - s,443,17:08 - s
323,Jason Nguyen,1771,109,17:13 - s,309,122 reps - s,559,43 reps - s,347,185 reps - s,447,17:45 - s
324,Tim Piastrelli,1775,32,15:10 - s,104,162 reps - s,543,43 reps - s,576,0,520,0
325,Josh Welch,1779,240,19:10 - s,200,138 reps - s,243,95 reps - s,576,0,520,0
326,Phillip Rafael,1780,471,206 reps - s,265,128 reps - s,321,81 reps - s,203,202 reps - s,520,0
327,Kevin Delaney,1785,514,195 reps - s,154,143 reps - s,573,6 reps - s,277,193 reps - s,267,12:24 - s
328,Thomas Ritter,1786,410,214 reps - s,376,114 reps - s,368,69 reps - s,369,182 reps - s,263,12:22 - s
329,Kyle Hendricks,1787,258,19:21 - s,395,112 reps - s,369,69 reps - s,433,170 reps - s,332,13:48 - s
330,Sergio Alejo,1800,96,16:59 - s,33,196 reps - s,575,0,576,0,520,0
331,Luke Mundy,1804,570,183 reps - s,522,87 reps - s,233,96 reps - s,216,201 reps - s,263,12:22 - s
332,Phillip Chagoya,1808,304,19:49 - s,237,136 reps - s,564,36 reps - s,286,192 reps - s,417,16:16 - s
333,Indra Singh,1811,102,17:09 - s,532,85 reps - s,575,0,576,0,26,8:05 - s
333,Shane Gallaher,1811,334,222 reps - s,190,140 reps - s,533,44 reps - s,370,182 reps - s,384,15:00 - s
335,Jose Echevarria,1812,412,213 reps - s,375,114 reps - s,302,85 reps - s,541,133 reps - s,182,11:03 - s
336,Joshua Acosta,1813,20,14:38 - s,653,0,44,178 reps - s,576,0,520,0
337,Eric Sanchez,1817,306,19:50 - s,450,105 reps - s,323,80 reps - s,353,184 reps - s,385,15:01 - s
338,Dave Yale,1818,392,215 reps - s,456,104 reps - s,117,133 reps - s,458,164 reps - s,395,15:19 - s
339,Sean Moran,1822,291,19:43 - s,312,122 reps - s,439,58 reps - s,499,155 reps - s,281,12:41 - s
340,Joseph Alvarico,1823,526,191 reps - s,358,116 reps - s,311,83 reps - s,374,181 reps - s,254,12:12 - s
341,Ram Poornachandran,1827,497,198 reps - s,372,114 reps - s,200,104 reps - s,421,174 reps - s,337,14:02 - s
342,Matt Pizzimenti,1830,183,18:20 - s,653,0,273,93 reps - s,201,202 reps - s,520,0
343,Anthony McLennan,1831,152,17:56 - s,8,212 reps - s,575,0,576,0,520,0
344,Gabe Anderson,1835,451,210 reps - s,377,114 reps - s,165,108 reps - s,322,188 reps - s,520,0
345,Mark Anderson,1839,410,214 reps - s,576,78 reps - s,255,95 reps - s,340,185 reps - s,258,12:18 - s
346,Jacob Arroyo,1842,762,0,260,129 reps - s,140,129 reps - s,160,208 reps - s,520,0
347,Sunil Koduru,1846,504,197 reps - s,241,135 reps - s,283,92 reps - s,298,190 reps - s,520,0
348,Jacob Benz,1849,384,216 reps - s,322,121 reps - s,47,167 reps - s,576,0,520,0
349,Matthew Riutta,1850,174,18:14 - s,455,104 reps - s,398,67 reps - s,411,176 reps - s,412,16:06 - s
350,Billy Miller,1851,465,208 reps - s,292,124 reps - s,335,71 reps - s,383,181 reps - s,376,14:50 - s
351,Jan Goericke,1857,246,19:14 - s,653,0,575,0,251,197 reps - s,132,10:17 - s
351,Albert Salinas,1857,329,224 reps - s,618,78 reps - s,246,95 reps - s,144,210 reps - s,520,0
353,Chad Artery,1868,506,197 reps - s,600,78 reps - s,187,106 reps - s,323,187 reps - s,252,12:10 - s
354,Jon Johnson,1869,430,212 reps - s,316,121 reps - s,575,0,258,196 reps - s,290,12:49 - s
355,Alex Kantchelian,1872,432,212 reps - s,62,173 reps - s,282,93 reps - s,576,0,520,0
356,Todd Schaffer,1873,319,19:59 - s,361,116 reps - s,314,82 reps - s,428,172 reps - s,451,17:47 - s
357,William Eggert,1881,390,215 reps - s,653,0,575,0,119,214 reps - s,144,10:27 - s
358,Wiputra Hartono,1883,312,19:55 - s,653,0,297,92 reps - s,424,173 reps - s,197,11:14 - s
359,Adrian Fuentes,1884,256,19:20 - s,258,130 reps - s,560,43 reps - s,511,150 reps - s,299,12:56 - s
360,Jack Hunter,1885,172,18:12 - s,653,0,221,101 reps - s,319,188 reps - s,520,0
361,Dogukan Er,1886,404,214 reps - s,282,125 reps - s,316,82 reps - s,576,0,308,13:08 - s
362,Jorge Rodriguez,1891,77,16:32 - s,164,141 reps - s,575,0,555,120 reps - s,520,0
363,Kristian Diaz,1894,442,211 reps - s,401,112 reps - s,237,96 reps - s,365,183 reps - s,449,17:46 - s
364,Sapan More,1901,350,220 reps - s,367,115 reps - s,575,0,327,187 reps - s,282,12:43 - s
365,Taylor Sublett,1902,762,0,247,133 reps - s,575,0,173,206 reps - s,145,10:28 - s
365,Alexandre Bazinet,1902,258,19:21 - s,343,118 reps - s,575,0,318,188 reps - s,408,15:58 - s
367,Matt Town,1906,291,19:43 - s,292,124 reps - s,227,98 reps - s,576,0,520,0
368,Lawrence Battad,1908,345,220 reps - s,317,121 reps - s,150,118 reps - s,576,0,520,0
368,Alex Osborne,1908,201,18:35 - s,618,78 reps - s,428,59 reps - s,286,192 reps - s,375,14:49 - s
370,Naveen Ravikumar,1910,362,218 reps - s,465,102 reps - s,317,82 reps - s,493,155 reps - s,273,12:36 - s
371,Gavin Gilo,1912,84,16:39 - s,157,142 reps - s,575,0,576,0,520,0
371,David Williams,1912,393,215 reps - s,406,110 reps - s,367,69 reps - s,332,186 reps - s,414,16:11 - s
373,Chris Gorges,1914,527,191 reps - s,344,118 reps - s,416,60 reps - s,282,192 reps - s,345,14:12 - s
374,Christopher Keach,1916,263,19:23 - s,341,118 reps - s,377,68 reps - s,415,175 reps - s,520,0
375,Peter Murphy,1917,408,214 reps - s,404,111 reps - s,444,58 reps - s,341,185 reps - s,320,13:20 - s
376,Benny Trach,1918,639,169 reps - s,296,123 reps - s,309,83 reps - s,434,170 reps - s,240,12:02 - s
377,John Lindsey,1919,547,188 reps - s,327,120 reps - s,174,106 reps - s,576,0,295,12:55 - s
378,Ted Logan,1921,478,205 reps - s,554,82 reps - s,324,80 reps - s,410,176 reps - s,155,10:42 - s
379,Deven Arora,1924,169,18:10 - s,84,167 reps - s,575,0,576,0,520,0
380,Oscar Rodriguez,1929,380,216 reps - s,305,122 reps - s,401,66 reps - s,509,150 reps - s,334,13:53 - s
381,Joe Tapia,1933,55,15:55 - s,247,133 reps - s,562,41 reps - s,559,115 reps - s,510,25:18 - s
382,Shaun Bray,1935,470,206 reps - s,653,0,164,108 reps - s,457,164 reps - s,191,11:09 - s
383,Luis Quinonez,1936,438,211 reps - s,653,0,575,0,221,201 reps - s,49,8:47 - s
384,Michael Ball,1937,291,19:43 - s,175,141 reps - s,432,59 reps - s,519,143 reps - s,520,0
385,Jason Bernardeau,1939,60,16:07 - s,208,137 reps - s,575,0,576,0,520,0
385,Isaac Duran,1939,210,18:41 - s,360,116 reps - s,376,68 reps - s,473,160 reps - s,520,0
387,Johannes Escudero,1940,609,176 reps - s,568,79 reps - s,122,131 reps - s,291,191 reps - s,350,14:17 - s
387,Michael Barnett,1940,731,145 reps - s,377,114 reps - s,353,70 reps - s,180,205 reps - s,299,12:56 - s
389,Rob Aragon,1947,420,213 reps - s,653,0,575,0,235,198 reps - s,64,9:15 - s
390,Miike Ramos,1948,423,213 reps - s,340,119 reps - s,427,59 reps - s,496,155 reps - s,262,12:21 - s
391,Herb Daniels,1949,558,186 reps - s,277,127 reps - s,438,58 reps - s,333,186 reps - s,343,14:11 - s
392,Stephen Schuyler,1953,95,16:57 - s,187,140 reps - s,575,0,576,0,520,0
393,Donald Stipp,1957,374,217 reps - s,524,87 reps - s,275,93 reps - s,310,189 reps - s,474,19:29 - s
394,Leon Stepan,1959,395,215 reps - s,653,0,258,94 reps - s,133,210 reps - s,520,0
395,Doug Foley,1965,561,185 reps - s,574,78 reps - s,138,129 reps - s,445,168 reps - s,247,12:05 - s
396,Danny Kirk,1977,287,19:42 - s,417,109 reps - s,454,57 reps - s,324,187 reps - s,495,21:19 - s
397,Buddy Brewer,1979,659,164 reps - s,368,115 reps - s,212,104 reps - s,481,159 reps - s,259,12:19 - s
398,David Silva,1992,533,190 reps - s,653,0,144,120 reps - s,348,185 reps - s,314,13:15 - s
399,Tadahiro Kaburaki,1994,476,205 reps - s,221,136 reps - s,201,104 reps - s,576,0,520,0
399,John Torrez,1994,352,220 reps - s,551,82 reps - s,508,47 reps - s,269,194 reps - s,314,13:15 - s
401,Joe Dragonetti,1998,529,191 reps - s,408,110 reps - s,220,102 reps - s,442,168 reps - s,399,15:34 - s
402,Javier Aguirre,2004,264,19:24 - s,466,102 reps - s,387,68 reps - s,576,0,311,13:11 - s
403,Rich Brewer,2008,295,19:45 - s,42,180 reps - s,575,0,576,0,520,0
404,Scott Griemsmann,2009,176,18:15 - s,162,142 reps - s,575,0,576,0,520,0
405,Anoop Singh,2010,575,182 reps - s,278,126 reps - s,364,69 reps - s,452,165 reps - s,341,14:05 - s
406,Manuel Brionez,2012,375,217 reps - s,517,88 reps - s,499,48 reps - s,271,194 reps - s,350,14:17 - s
407,Alex Aceves,2014,174,18:14 - s,653,0,575,0,576,0,36,8:25 - s
408,Jeff Shinoda,2016,604,178 reps - s,594,78 reps - s,575,0,128,212 reps - s,115,9:58 - s
409,Alex Blas,2019,194,18:32 - s,653,0,76,154 reps - s,576,0,520,0
410,Sridhar Gangavarapu,2031,576,182 reps - s,252,131 reps - s,230,96 reps - s,453,165 reps - s,520,0
411,Blake Hanson,2032,284,19:40 - s,77,170 reps - s,575,0,576,0,520,0
412,Scott Holcomb,2039,429,212 reps - s,608,78 reps - s,232,96 reps - s,414,175 reps - s,356,14:24 - s
413,Ab Bandyopadhyay,2040,762,0,363,116 reps - s,478,55 reps - s,337,186 reps - s,100,9:45 - s
414,Craig Shaner,2041,583,181 reps - s,487,93 reps - s,295,92 reps - s,242,198 reps - s,434,16:54 - s
415,Logan Stibbe,2048,169,18:10 - s,653,0,575,0,131,211 reps - s,520,0
416,Mike Henderson,2050,439,211 reps - s,464,102 reps - s,514,46 reps - s,325,187 reps - s,308,13:08 - s
417,Ed Duggan,2054,612,176 reps - s,420,108 reps - s,276,93 reps - s,376,181 reps - s,370,14:43 - s
418,Patch Perez,2055,241,19:11 - s,323,121 reps - s,395,67 reps - s,576,0,520,0
419,Robert Clark,2058,281,19:38 - s,106,161 reps - s,575,0,576,0,520,0
420,Angel Martinez,2063,685,157 reps - s,575,78 reps - s,129,131 reps - s,315,188 reps - s,359,14:27 - s
421,Bo Brett,2070,440,211 reps - s,326,120 reps - s,379,68 reps - s,405,176 reps - s,520,0
422,Jeremy Sucharski,2078,319,19:59 - s,474,100 reps - s,575,0,190,203 reps - s,520,0
423,William Logan,2081,309,19:52 - s,101,162 reps - s,575,0,576,0,520,0
424,Ryan Woodward,2085,762,0,653,0,277,93 reps - s,92,220 reps - s,301,12:57 - s
425,Rafael Vargas,2087,480,204 reps - s,411,109 reps - s,556,43 reps - s,243,198 reps - s,397,15:25 - s
426,John Mack,2097,678,160 reps - s,407,110 reps - s,315,82 reps - s,273,193 reps - s,424,16:26 - s
426,Robert Islas,2097,278,19:36 - s,351,117 reps - s,372,69 reps - s,576,0,520,0
428,Rocco Foronda,2103,638,169 reps - s,653,0,360,70 reps - s,382,181 reps - s,70,9:18 - s
429,Austin Peterson,2104,372,217 reps - s,562,80 reps - s,509,46 reps - s,292,191 reps - s,369,14:42 - s
430,Phillip Bejarano,2106,758,10 reps - s,529,86 reps - s,293,92 reps - s,330,186 reps - s,196,11:12 - s
431,Jared Dickinson,2107,209,18:40 - s,392,112 reps - s,575,0,576,0,355,14:23 - s
432,Jose Rodrigues,2108,542,189 reps - s,384,113 reps - s,435,58 reps - s,367,183 reps - s,380,14:54 - s
433,Sean O'Connor,2111,304,19:49 - s,484,93 reps - s,462,56 reps - s,490,156 reps - s,371,14:45 - s
434,Bill Park,2116,762,0,653,0,209,104 reps - s,361,183 reps - s,131,10:16 - s
434,Nicholaus Norvell,2116,302,19:48 - s,143,146 reps - s,575,0,576,0,520,0
436,David Holbert,2120,566,184 reps - s,109,159 reps - s,575,0,350,185 reps - s,520,0
436,Thomas Teixeira,2120,605,177 reps - s,374,114 reps - s,552,43 reps - s,288,191 reps - s,301,12:57 - s
438,Arnold Policarpio,2124,364,218 reps - s,485,93 reps - s,474,55 reps - s,437,169 reps - s,364,14:33 - s
439,Justin Floreza,2127,481,204 reps - s,490,92 reps - s,463,56 reps - s,484,158 reps - s,209,11:30 - s
439,Richard Bennett,2127,509,196 reps - s,540,84 reps - s,312,83 reps - s,412,176 reps - s,354,14:20 - s
441,Nic Dabney,2128,487,200 reps - s,283,125 reps - s,575,0,576,0,207,11:23 - s
442,James Penney,2129,627,172 reps - s,588,78 reps - s,254,95 reps - s,140,210 reps - s,520,0
443,Chris Cefalu,2134,762,0,92,165 reps - s,575,0,185,204 reps - s,520,0
443,Robert Hoult,2134,562,185 reps - s,425,108 reps - s,327,72 reps - s,364,183 reps - s,456,17:58 - s
445,Eric Jarvis,2135,762,0,653,0,175,106 reps - s,307,190 reps - s,238,12:01 - s
446,Jeremy Altman,2137,653,166 reps - s,363,116 reps - s,25,203 reps - s,576,0,520,0
447,Alex Heredia,2141,542,189 reps - s,267,128 reps - s,236,96 reps - s,576,0,520,0
448,Shaharyar Shaikh,2142,184,18:24 - s,561,80 reps - s,575,0,302,190 reps - s,520,0
449,Troy Broddrick,2145,472,206 reps - s,433,107 reps - s,414,60 reps - s,306,190 reps - s,520,0
450,Alex Neicu,2150,463,208 reps - s,577,78 reps - s,442,58 reps - s,308,190 reps - s,360,14:28 - s
451,Brett Jack,2152,414,213 reps - s,511,88 reps - s,450,57 reps - s,354,184 reps - s,423,16:23 - s
452,Jerome Cleland,2154,532,190 reps - s,366,115 reps - s,160,117 reps - s,576,0,520,0
453,Loren Torresola,2160,378,217 reps - s,604,78 reps - s,357,70 reps - s,497,155 reps - s,324,13:26 - s
454,Farrukh Zaman,2161,553,187 reps - s,302,123 reps - s,210,104 reps - s,576,0,520,0
454,Horacio Rojas,2161,484,202 reps - s,512,88 reps - s,303,84 reps - s,543,131 reps - s,319,13:18 - s
456,Timothy Ulen,2169,585,181 reps - s,381,113 reps - s,352,70 reps - s,438,169 reps - s,413,16:08 - s
457,Jason Clark,2180,567,184 reps - s,533,85 reps - s,132,130 reps - s,576,0,372,14:48 - s
457,Leo Maxwell,2180,651,166 reps - s,470,102 reps - s,179,106 reps - s,491,156 reps - s,389,15:11 - s
457,Fernando Nava,2180,252,19:18 - s,394,112 reps - s,575,0,521,142 reps - s,438,16:59 - s
457,Vinay Kotak,2180,632,170 reps - s,272,128 reps - s,380,68 reps - s,485,158 reps - s,411,16:00 - s
461,Robert Keene,2187,367,217 reps - s,149,144 reps - s,575,0,576,0,520,0
462,Simon Ineichen,2190,287,19:42 - s,466,102 reps - s,546,43 reps - s,466,162 reps - s,425,16:28 - s
463,Dylan Hanson,2191,251,19:15 - s,507,89 reps - s,575,0,338,186 reps - s,520,0
464,Santiago Barbosa,2193,465,208 reps - s,618,78 reps - s,434,59 reps - s,245,198 reps - s,431,16:45 - s
465,Ruben Espinoza,2196,700,153 reps - s,393,112 reps - s,565,36 reps - s,264,195 reps - s,274,12:38 - s
466,Ray Pulmano,2197,467,207 reps - s,98,163 reps - s,536,44 reps - s,576,0,520,0
466,Joshua Fountain,2197,395,215 reps - s,131,146 reps - s,575,0,576,0,520,0
468,Gabriel Novak,2198,667,162 reps - s,151,143 reps - s,396,67 reps - s,464,162 reps - s,520,0
469,Noah Hasek,2201,349,220 reps - s,653,0,337,71 reps - s,377,181 reps - s,485,20:02 - s
470,Tim Sommer,2202,762,0,161,142 reps - s,183,106 reps - s,576,0,520,0
470,Stephen Salinger,2202,323,20:00 - s,653,0,575,0,359,184 reps - s,292,12:53 - s
472,Che Salinas,2203,568,184 reps - s,653,0,75,154 reps - s,387,180 reps - s,520,0
473,Alex Chavez,2221,187,18:25 - s,363,116 reps - s,575,0,576,0,520,0
474,Isaiah Brainerd,2230,79,16:35 - s,653,0,575,0,403,177 reps - s,520,0
475,David Carroll,2234,628,172 reps - s,430,107 reps - s,575,0,81,222 reps - s,520,0
476,Cole Robustelli,2236,282,19:39 - s,653,0,408,61 reps - s,373,182 reps - s,520,0
477,Hyung Yoo,2238,762,0,342,118 reps - s,418,60 reps - s,465,162 reps - s,251,12:09 - s
477,Scott Ai,2238,332,223 reps - s,653,0,513,46 reps - s,346,185 reps - s,394,15:18 - s
479,Wil Galinato,2242,602,178 reps - s,521,87 reps - s,441,58 reps - s,475,160 reps - s,203,11:18 - s
479,Phil Sturgeon,2242,469,207 reps - s,466,102 reps - s,567,32 reps - s,417,175 reps - s,323,13:23 - s
481,Cristian Cruz,2244,218,18:48 - s,355,117 reps - s,575,0,576,0,520,0
482,Jeff Calado,2250,762,0,489,92 reps - s,575,0,268,194 reps - s,156,10:43 - s
483,Brian Rogers,2253,235,19:06 - s,347,118 reps - s,575,0,576,0,520,0
484,Michael Chung,2260,368,217 reps - s,531,85 reps - s,550,43 reps - s,392,179 reps - s,419,16:21 - s
485,Taylor Crabbe,2262,598,179 reps - s,572,79 reps - s,166,107 reps - s,576,0,350,14:17 - s
486,Luke Middendorf,2265,477,205 reps - s,499,90 reps - s,343,71 reps - s,426,173 reps - s,520,0
487,Daniel Arechiga,2267,703,153 reps - s,496,91 reps - s,106,140 reps - s,576,0,386,15:07 - s
488,Andrew de Sena,2268,548,188 reps - s,384,113 reps - s,382,68 reps - s,518,143 reps - s,436,16:56 - s
489,William Winstel,2272,233,19:02 - s,653,0,290,92 reps - s,576,0,520,0
490,Ayush Garg,2273,522,192 reps - s,653,0,347,70 reps - s,393,179 reps - s,358,14:26 - s
491,Manuel Garcia-Toca,2274,354,219 reps - s,249,132 reps - s,575,0,576,0,520,0
491,Shomik Chakravarty,2274,391,215 reps - s,653,0,384,68 reps - s,326,187 reps - s,520,0
493,Grey Truex,2276,762,0,399,112 reps - s,575,0,371,182 reps - s,169,10:55 - s
494,Akshay Zol,2278,348,220 reps - s,528,86 reps - s,575,0,422,174 reps - s,405,15:48 - s
494,Dane DeWitt,2278,394,215 reps - s,373,114 reps - s,415,60 reps - s,576,0,520,0
496,David Cardillo,2280,699,153 reps - s,594,78 reps - s,479,55 reps - s,234,198 reps - s,274,12:38 - s
497,Achal Shah,2288,664,163 reps - s,324,121 reps - s,471,56 reps - s,436,170 reps - s,393,15:17 - s
498,Neil Valenzuela,2295,591,180 reps - s,429,107 reps - s,266,94 reps - s,576,0,433,16:52 - s
499,Tristen John Bagain,2297,518,193 reps - s,391,112 reps - s,412,60 reps - s,456,164 reps - s,520,0
500,Dave Waters,2300,762,0,335,119 reps - s,575,0,431,171 reps - s,197,11:14 - s
501,Carlos Roscoe,2302,479,204 reps - s,422,108 reps - s,373,69 reps - s,508,151 reps - s,520,0
502,Vittorio Lagana,2307,450,210 reps - s,571,79 reps - s,457,57 reps - s,468,161 reps - s,361,14:29 - s
503,Ashish Adhav,2308,541,189 reps - s,298,123 reps - s,489,52 reps - s,460,163 reps - s,520,0
504,Jon Burke,2309,705,151 reps - s,631,72 reps - s,245,95 reps - s,380,181 reps - s,348,14:15 - s
505,Shastri Purushotma,2310,647,166 reps - s,481,94 reps - s,402,66 reps - s,366,183 reps - s,414,16:11 - s
506,Cameren Potter,2315,572,183 reps - s,543,83 reps - s,453,57 reps - s,283,192 reps - s,464,18:35 - s
507,Jonathan Zempel,2325,351,220 reps - s,653,0,575,0,226,200 reps - s,520,0
507,Jared Davidson,2325,554,187 reps - s,451,105 reps - s,496,48 reps - s,476,160 reps - s,348,14:15 - s
509,Mark Ciabattari,2328,446,210 reps - s,612,78 reps - s,397,67 reps - s,483,158 reps - s,390,15:12 - s
510,Mike Vendetti,2329,752,105 reps - s,242,135 reps - s,520,46 reps - s,358,184 reps - s,457,18:01 - s
510,Thomas McClean,2329,538,190 reps - s,597,78 reps - s,400,67 reps - s,386,180 reps - s,408,15:58 - s
512,Nick Gutierrez,2334,621,174 reps - s,435,107 reps - s,413,60 reps - s,502,153 reps - s,363,14:32 - s
513,Ricardo Miranda,2338,657,164 reps - s,520,87 reps - s,331,71 reps - s,552,121 reps - s,278,12:40 - s
514,Vasos Lee,2342,447,210 reps - s,224,136 reps - s,575,0,576,0,520,0
515,Curtis Gorman,2349,295,19:45 - s,653,0,469,56 reps - s,576,0,356,14:24 - s
516,Larry Webb,2350,673,161 reps - s,380,113 reps - s,390,67 reps - s,416,175 reps - s,491,20:40 - s
517,Bill Garcia,2353,29,15:04 - s,653,0,575,0,576,0,520,0
517,Rathin Yagnik,2353,207,18:38 - s,653,0,575,0,515,145 reps - s,403,15:45 - s
519,Connor Phillips,2354,30,15:08 - s,653,0,575,0,576,0,520,0
520,Jack Marziliano,2361,513,195 reps - s,333,119 reps - s,487,53 reps - s,576,0,452,17:49 - s
521,Matt Eala,2362,539,190 reps - s,470,102 reps - s,347,70 reps - s,486,157 reps - s,520,0
521,Timothy Green,2362,493,199 reps - s,589,78 reps - s,475,55 reps - s,385,180 reps - s,420,16:22 - s
523,Paul Legge,2364,711,150 reps - s,477,97 reps - s,491,51 reps - s,313,189 reps - s,372,14:48 - s
524,Timothy Higginbotham,2367,272,19:29 - s,535,84 reps - s,505,47 reps - s,553,121 reps - s,502,21:46 - s
525,Dan Gouveia,2371,693,155 reps - s,446,106 reps - s,458,57 reps - s,402,178 reps - s,372,14:48 - s
526,Maxim Planchon,2372,366,218 reps - s,414,109 reps - s,506,47 reps - s,569,70 reps - s,517,37:05 - s
527,Cesar Fuentes,2379,762,0,430,107 reps - s,575,0,395,178 reps - s,217,11:36 - s
528,Christian Montalvo,2383,59,16:05 - s,653,0,575,0,576,0,520,0
529,Janakiram Muddana,2386,644,167 reps - s,258,130 reps - s,422,60 reps - s,542,132 reps - s,520,0
530,Jeff Ordway,2388,645,167 reps - s,506,89 reps - s,304,84 reps - s,488,156 reps - s,445,17:17 - s
530,Jorge Orozco,2388,562,185 reps - s,653,0,318,82 reps - s,368,183 reps - s,487,20:04 - s
530,Antonio Araiza,2388,395,215 reps - s,641,68 reps - s,386,68 reps - s,534,137 reps - s,432,16:50 - s
533,David Allbut,2389,456,210 reps - s,539,84 reps - s,301,85 reps - s,573,38 reps - s,520,0
534,Chris Cervantes,2390,555,187 reps - s,460,103 reps - s,535,44 reps - s,320,188 reps - s,520,0
535,Stephen Schoettler,2392,698,154 reps - s,653,0,360,70 reps - s,351,185 reps - s,330,13:47 - s
536,Jeff Okamura,2393,762,0,347,118 reps - s,341,71 reps - s,576,0,367,14:38 - s
537,Kevin Bolter,2394,681,160 reps - s,519,87 reps - s,345,70 reps - s,329,187 reps - s,520,0
538,Dakota Doser,2396,72,16:28 - s,653,0,575,0,576,0,520,0
539,Ken Rodriguez,2399,461,209 reps - s,653,0,575,0,432,171 reps - s,278,12:40 - s
540,Gabe Rendon,2400,76,16:31 - s,653,0,575,0,576,0,520,0
540,Cody Newcomer,2400,423,213 reps - s,653,0,374,69 reps - s,430,171 reps - s,520,0
542,Jesse Prier,2404,490,200 reps - s,243,135 reps - s,575,0,576,0,520,0
543,David Padilla,2405,519,193 reps - s,215,136 reps - s,575,0,576,0,520,0
544,Tushar Bhatnagar,2406,719,148 reps - s,427,107 reps - s,257,94 reps - s,525,140 reps - s,478,19:41 - s
545,Milton Davis,2408,453,210 reps - s,653,0,409,61 reps - s,451,165 reps - s,442,17:05 - s
546,Justin Turner,2415,91,16:49 - s,653,0,575,0,576,0,520,0
546,Brandon Elefante,2415,613,176 reps - s,417,109 reps - s,437,58 reps - s,505,152 reps - s,443,17:08 - s
548,Brad Young,2416,92,16:51 - s,653,0,575,0,576,0,520,0
549,Alan Reid,2424,382,216 reps - s,371,114 reps - s,575,0,576,0,520,0
550,Edward H. Ho,2426,502,198 reps - s,253,131 reps - s,575,0,576,0,520,0
551,Ramon Diaz-Reyes,2431,589,180 reps - s,438,107 reps - s,498,48 reps - s,510,150 reps - s,396,15:24 - s
552,Chris Herrera,2435,762,0,2,260 reps - s,575,0,576,0,520,0
552,Pranav Tamakuwala,2435,581,181 reps - s,486,93 reps - s,497,48 reps - s,469,161 reps - s,402,15:42 - s
554,Charles Shaheen,2440,500,198 reps - s,458,104 reps - s,488,53 reps - s,474,160 reps - s,520,0
555,Odeh Altwal,2441,597,179 reps - s,525,87 reps - s,575,0,406,176 reps - s,338,14:04 - s
556,Anthony Ledesma,2446,726,147 reps - s,590,78 reps - s,403,65 reps - s,419,175 reps - s,308,13:08 - s
557,Gabriel Guzman,2448,124,17:28 - s,653,0,575,0,576,0,520,0
558,Andrei Ignat,2449,557,186 reps - s,542,83 reps - s,539,44 reps - s,362,183 reps - s,449,17:46 - s
558,Paul Schatz,2449,437,211 reps - s,599,78 reps - s,466,56 reps - s,462,163 reps - s,485,20:02 - s
560,Cale Jones,2451,339,221 reps - s,441,106 reps - s,575,0,576,0,520,0
561,Stephen Kearney,2454,762,0,268,128 reps - s,328,72 reps - s,576,0,520,0
562,Drew Di Prima,2456,132,17:32 - s,653,0,575,0,576,0,520,0
563,Chris Langton,2459,657,164 reps - s,584,78 reps - s,370,69 reps - s,440,168 reps - s,408,15:58 - s
564,Anthony Armstrong,2463,139,17:41 - s,653,0,575,0,576,0,520,0
565,Derrick Tyler,2465,354,219 reps - s,440,107 reps - s,575,0,576,0,520,0
566,Pramoth Chandrasekar,2467,616,175 reps - s,585,78 reps - s,476,55 reps - s,398,178 reps - s,392,15:13 - s
567,Jamie Guy,2470,333,223 reps - s,653,0,388,68 reps - s,576,0,520,0
568,Chris Catalano,2472,762,0,315,121 reps - s,299,86 reps - s,576,0,520,0
568,Eric Yunck,2472,635,170 reps - s,653,0,380,68 reps - s,418,175 reps - s,386,15:07 - s
570,David Power,2477,599,179 reps - s,653,0,261,94 reps - s,444,168 reps - s,520,0
570,Jacopo Di Lucente,2477,516,194 reps - s,436,107 reps - s,575,0,524,141 reps - s,426,16:29 - s
572,Paul Garcia,2479,340,221 reps - s,598,78 reps - s,525,45 reps - s,576,0,440,17:04 - s
573,Stephen Wolfe,2481,157,17:58 - s,653,0,575,0,576,0,520,0
574,Aiden Kjeldsen,2484,614,175 reps - s,454,104 reps - s,551,43 reps - s,345,185 reps - s,520,0
575,Hector Sandoval,2485,161,18:04 - s,653,0,575,0,576,0,520,0
576,Ryan Cooling,2486,458,210 reps - s,357,116 reps - s,575,0,576,0,520,0
577,Caleb Winters,2487,498,198 reps - s,653,0,240,96 reps - s,576,0,520,0
578,Ethan Romero,2492,432,212 reps - s,653,0,575,0,312,189 reps - s,520,0
579,Isaac Medina,2495,707,151 reps - s,633,71 reps - s,279,93 reps - s,395,178 reps - s,481,19:47 - s
580,Martin Ridgeway,2497,505,197 reps - s,473,101 reps - s,470,56 reps - s,549,125 reps - s,500,21:41 - s
581,Larry Ramirez,2499,457,210 reps - s,617,78 reps - s,433,59 reps - s,533,137 reps - s,459,18:16 - s
582,David Golovin,2508,184,18:24 - s,653,0,575,0,576,0,520,0
582,Julian Robles,2508,601,178 reps - s,603,78 reps - s,268,94 reps - s,516,144 reps - s,520,0
584,Sandeep Shah,2510,474,205 reps - s,653,0,325,80 reps - s,538,135 reps - s,520,0
585,Rich Li,2516,762,0,83,167 reps - s,575,0,576,0,520,0
586,Cb House,2518,619,175 reps - s,554,82 reps - s,249,95 reps - s,576,0,520,0
587,Kevin Morris,2522,458,210 reps - s,478,96 reps - s,490,52 reps - s,576,0,520,0
588,Rick Berry,2523,213,18:45 - s,639,68 reps - s,575,0,576,0,520,0
588,Brian Pult,2523,560,185 reps - s,509,88 reps - s,358,70 reps - s,576,0,520,0
590,Jeremiah Hyde,2526,428,212 reps - s,527,86 reps - s,528,45 reps - s,576,0,467,18:58 - s
591,Harry Davis,2532,405,214 reps - s,456,104 reps - s,575,0,576,0,520,0
592,Robert Sawtell,2536,622,174 reps - s,609,78 reps - s,537,44 reps - s,448,166 reps - s,320,13:20 - s
593,Amol Prabhune,2537,635,170 reps - s,618,78 reps - s,422,60 reps - s,551,124 reps - s,311,13:11 - s
594,Doug Smith,2540,216,18:46 - s,653,0,575,0,576,0,520,0
595,Gilbert Martinez,2541,217,18:47 - s,653,0,575,0,576,0,520,0
595,Pete Salindong,2541,746,118 reps - s,452,105 reps - s,484,53 reps - s,480,159 reps - s,379,14:52 - s
597,Quinn Simmons,2542,672,161 reps - s,593,78 reps - s,326,75 reps - s,454,165 reps - s,497,21:32 - s
598,Gerardo Cruz,2544,762,0,111,159 reps - s,575,0,576,0,520,0
598,Brian Carrillo,2544,220,18:49 - s,653,0,575,0,576,0,520,0
600,Oswaldo Larios,2546,537,190 reps - s,338,119 reps - s,575,0,576,0,520,0
601,Yanis Nora,2548,654,165 reps - s,616,78 reps - s,548,43 reps - s,314,189 reps - s,416,16:15 - s
602,Pablo Maciel,2550,582,181 reps - s,491,92 reps - s,523,45 reps - s,517,143 reps - s,437,16:57 - s
603,Joe Yaeger,2552,528,191 reps - s,353,117 reps - s,575,0,576,0,520,0
604,Aurelio Valencia,2553,229,18:56 - s,653,0,575,0,576,0,520,0
604,Dennis Arenzana,2553,629,171 reps - s,560,81 reps - s,541,44 reps - s,495,155 reps - s,328,13:36 - s
604,Gaurav Singla,2553,556,187 reps - s,653,0,422,60 reps - s,576,0,346,14:13 - s
607,Keith Joseph,2554,611,176 reps - s,396,112 reps - s,575,0,506,152 reps - s,466,18:52 - s
608,Sudhir Navalapakam,2557,620,175 reps - s,388,112 reps - s,575,0,576,0,398,15:32 - s
609,Robert Pei,2562,238,19:09 - s,653,0,575,0,576,0,520,0
610,Matthew Baker Jr,2563,312,19:55 - s,653,0,502,48 reps - s,576,0,520,0
610,Bob Burkland,2563,678,160 reps - s,492,92 reps - s,482,55 reps - s,435,170 reps - s,476,19:35 - s
612,Jessica Hernandez,2565,241,19:11 - s,653,0,575,0,576,0,520,0
612,Juan Perez,2565,241,19:11 - s,653,0,575,0,576,0,520,0
614,Justin Foraker,2568,244,19:12 - s,653,0,575,0,576,0,520,0
615,Thomas Michener,2569,762,0,498,90 reps - s,332,71 reps - s,576,0,401,15:41 - s
615,Nachiket Khasbag,2569,530,191 reps - s,563,80 reps - s,575,0,381,181 reps - s,520,0
617,Jacob Dubravec,2576,649,166 reps - s,653,0,393,67 reps - s,503,153 reps - s,378,14:51 - s
618,Javier Bon,2577,253,19:19 - s,653,0,575,0,576,0,520,0
618,Max Das,2577,253,19:19 - s,653,0,575,0,576,0,520,0
620,Ricky Jimenez,2582,646,167 reps - s,459,104 reps - s,420,60 reps - s,537,136 reps - s,520,0
620,Timothy Sanchez,2582,540,189 reps - s,494,91 reps - s,575,0,527,140 reps - s,446,17:18 - s
622,Chris Martin,2583,574,182 reps - s,447,106 reps - s,492,49 reps - s,550,124 reps - s,520,0
623,Eugen Ilie,2584,610,176 reps - s,653,0,575,0,404,177 reps - s,342,14:09 - s
624,Aman Kashyap,2588,739,132 reps - s,462,102 reps - s,419,60 reps - s,472,160 reps - s,496,21:30 - s
625,Omar Flores,2591,757,25 reps - s,653,0,543,43 reps - s,300,190 reps - s,338,14:04 - s
626,Adrian Mayfield,2592,268,19:26 - s,653,0,575,0,576,0,520,0
627,Anthony Luna,2596,272,19:29 - s,653,0,575,0,576,0,520,0
628,Ben Gordon,2599,275,19:32 - s,653,0,575,0,576,0,520,0
629,Rafael Juarez,2601,558,186 reps - s,653,0,575,0,295,191 reps - s,520,0
629,Paul Evans,2601,641,169 reps - s,558,81 reps - s,512,46 reps - s,507,151 reps - s,383,14:58 - s
631,Kartik Yegneshwar,2603,415,213 reps - s,586,78 reps - s,575,0,512,149 reps - s,515,31:32 - s
632,Sujeeth Kovuru,2604,534,190 reps - s,572,79 reps - s,502,48 reps - s,476,160 reps - s,520,0
633,Samuel Gipson,2606,656,164 reps - s,591,78 reps - s,459,56 reps - s,461,163 reps - s,439,17:00 - s
634,Lionel Nd,2608,284,19:40 - s,653,0,575,0,576,0,520,0
634,Paul Wood,2608,643,167 reps - s,432,107 reps - s,575,0,576,0,382,14:55 - s
636,Josh Dewey,2610,691,156 reps - s,545,83 reps - s,404,64 reps - s,450,165 reps - s,520,0
637,Isaiah Johnston,2613,588,180 reps - s,354,117 reps - s,575,0,576,0,520,0
637,Mason Barrera,2613,670,161 reps - s,534,85 reps - s,527,45 reps - s,454,165 reps - s,428,16:35 - s
639,Jonathan Maturino,2614,762,0,653,0,575,0,576,0,48,8:46 - s
640,William Sisty Jr,2615,592,180 reps - s,507,89 reps - s,472,56 reps - s,536,136 reps - s,508,23:43 - s
641,Ankit Arya,2616,762,0,653,0,105,141 reps - s,576,0,520,0
642,Travis Aroz,2617,675,160 reps - s,549,82 reps - s,451,57 reps - s,576,0,366,14:37 - s
643,Randy Singh,2618,294,19:44 - s,653,0,575,0,576,0,520,0
644,Michael Arauz,2619,295,19:45 - s,653,0,575,0,576,0,520,0
644,Denis Myrmyr,2619,295,19:45 - s,653,0,575,0,576,0,520,0
646,David Westrick,2621,745,123 reps - s,643,68 reps - s,360,70 reps - s,470,161 reps - s,403,15:45 - s
647,Chris Saenz,2624,483,203 reps - s,470,102 reps - s,575,0,576,0,520,0
648,Richard Moot,2632,717,149 reps - s,611,78 reps - s,336,71 reps - s,548,127 reps - s,420,16:22 - s
649,Julio Garcia,2634,640,169 reps - s,369,115 reps - s,575,0,530,138 reps - s,520,0
650,Suwadi Yunior,2636,312,19:55 - s,653,0,575,0,576,0,520,0
651,George Malig,2637,762,0,355,117 reps - s,575,0,425,173 reps - s,520,0
652,Michael Breiman,2638,521,192 reps - s,653,0,575,0,576,0,313,13:13 - s
652,Christian Gallai,2638,552,187 reps - s,415,109 reps - s,575,0,576,0,520,0
652,Chris Haywood,2638,603,178 reps - s,553,82 reps - s,540,44 reps - s,441,168 reps - s,501,21:44 - s
655,Nathan Warren,2640,316,19:56 - s,653,0,575,0,576,0,520,0
656,Joseph Borden,2643,319,19:59 - s,653,0,575,0,576,0,520,0
657,Erwin Bol,2644,661,164 reps - s,449,105 reps - s,571,19 reps - s,443,168 reps - s,520,0
658,Patrick Tonge,2648,762,0,345,118 reps - s,445,58 reps - s,576,0,520,0
659,Anthony Martinez,2653,569,183 reps - s,413,109 reps - s,575,0,576,0,520,0
660,Ramman Anna Ragunath,2655,701,153 reps - s,292,124 reps - s,575,0,567,91 reps - s,520,0
661,Tony Pisculli,2660,693,155 reps - s,548,83 reps - s,455,57 reps - s,576,0,388,15:08 - s
662,Brandon Shea,2662,338,221 reps - s,653,0,575,0,576,0,520,0
663,Gabriel Cabrera,2667,762,0,653,0,575,0,391,179 reps - s,286,12:46 - s
663,Anthony Gonzalez,2667,754,96 reps - s,510,88 reps - s,472,56 reps - s,504,153 reps - s,427,16:31 - s
665,Chandrasekhar Gonuguntla,2678,354,219 reps - s,653,0,575,0,576,0,520,0
666,Jim Thomas,2679,762,0,653,0,575,0,576,0,113,9:55 - s
666,Ethan Thomsen,2679,742,129 reps - s,610,78 reps - s,329,72 reps - s,529,139 reps - s,469,19:17 - s
668,Matteo Hurley,2683,549,188 reps - s,463,102 reps - s,575,0,576,0,520,0
669,Ray Tadena,2686,733,145 reps - s,605,78 reps - s,382,68 reps - s,494,155 reps - s,472,19:26 - s
669,Nikhil Handyal,2686,625,173 reps - s,480,94 reps - s,515,46 reps - s,546,128 reps - s,520,0
671,Carlos Chitiva,2687,648,166 reps - s,570,79 reps - s,440,58 reps - s,547,127 reps - s,482,19:56 - s
672,Kristian Castro,2688,607,177 reps - s,410,110 reps - s,575,0,576,0,520,0
672,Evan Buyze,2688,635,170 reps - s,541,84 reps - s,483,55 reps - s,576,0,453,17:54 - s
674,Martin Zamora,2689,596,179 reps - s,653,0,464,56 reps - s,487,156 reps - s,489,20:29 - s
675,Ryan Ayers,2692,492,199 reps - s,653,0,575,0,463,162 reps - s,509,24:53 - s
676,Ravi Dhillon,2695,371,217 reps - s,653,0,575,0,576,0,520,0
677,Richard Nguyen,2696,508,196 reps - s,626,76 reps - s,507,47 reps - s,563,106 reps - s,492,20:44 - s
678,Lan Quang,2697,687,157 reps - s,503,89 reps - s,411,60 reps - s,576,0,520,0
679,Jeremiah Pauley,2699,546,188 reps - s,607,78 reps - s,560,43 reps - s,498,155 reps - s,488,20:09 - s
680,Johnathan Snoderly,2701,395,215 reps - s,653,0,575,0,558,115 reps - s,520,0
681,Orlando Bejar,2702,378,217 reps - s,653,0,575,0,576,0,520,0
682,Ken Rutherford,2705,381,216 reps - s,653,0,575,0,576,0,520,0
683,Frank Stanbach,2708,702,153 reps - s,625,77 reps - s,399,67 reps - s,535,136 reps - s,447,17:45 - s
684,Eduardo Cruz,2712,744,127 reps - s,479,94 reps - s,575,0,446,168 reps - s,468,19:09 - s
685,Stanislav Malyshev,2717,706,151 reps - s,653,0,262,94 reps - s,576,0,520,0
686,John Heberger,2719,395,215 reps - s,653,0,575,0,576,0,520,0
687,David Lieberman,2721,762,0,288,124 reps - s,575,0,576,0,520,0
688,Bill Lyon,2722,544,189 reps - s,629,75 reps - s,495,49 reps - s,556,118 reps - s,498,21:33 - s
689,Alaric Thomas,2729,405,214 reps - s,653,0,575,0,576,0,520,0
690,Julian Paredes,2730,615,175 reps - s,444,106 reps - s,575,0,576,0,520,0
691,Skitch Crosby,2733,409,214 reps - s,653,0,575,0,576,0,520,0
692,Isaac Henderson,2736,662,163 reps - s,403,111 reps - s,575,0,576,0,520,0
693,Slade Sundar,2744,686,157 reps - s,387,112 reps - s,575,0,576,0,520,0
694,Rudy Becerra,2745,421,213 reps - s,653,0,575,0,576,0,520,0
695,Alex Heisinger,2746,738,133 reps - s,640,68 reps - s,575,0,387,180 reps - s,406,15:50 - s
695,Rick Blanco,2746,565,184 reps - s,653,0,485,53 reps - s,523,141 reps - s,520,0
695,Jesus Uzueta,2746,633,170 reps - s,487,93 reps - s,530,45 reps - s,576,0,520,0
698,Micah Pregitzer,2749,650,166 reps - s,428,107 reps - s,575,0,576,0,520,0
699,Bryan Rice,2751,704,152 reps - s,653,0,443,58 reps - s,522,141 reps - s,429,16:36 - s
700,Vijay Mahalingam,2754,475,205 reps - s,653,0,575,0,531,138 reps - s,520,0
701,Nick White,2755,631,171 reps - s,632,71 reps - s,524,45 reps - s,514,146 reps - s,454,17:57 - s
701,Jeff Fish,2755,709,151 reps - s,624,77 reps - s,461,56 reps - s,467,161 reps - s,494,21:02 - s
703,Erez Miller,2756,756,40 reps - s,653,0,575,0,252,197 reps - s,520,0
703,Ryo Osawa,2756,762,0,653,0,330,72 reps - s,491,156 reps - s,520,0
703,Neil JJarvis,2756,432,212 reps - s,653,0,575,0,576,0,520,0
706,Magnus Magnusson,2766,723,147 reps - s,647,48 reps - s,447,57 reps - s,489,156 reps - s,460,18:25 - s
707,Trenton Plemons,2768,444,211 reps - s,653,0,575,0,576,0,520,0
708,Justin Smith,2769,671,161 reps - s,596,78 reps - s,575,0,407,176 reps - s,520,0
709,Nicholas Globig,2770,584,181 reps - s,515,88 reps - s,575,0,576,0,520,0
710,Taylor Barnes,2773,626,172 reps - s,482,94 reps - s,569,26 reps - s,576,0,520,0
711,Taylor Rabbetz,2775,762,0,653,0,575,0,265,195 reps - s,520,0
712,Steven McKee,2780,762,0,516,88 reps - s,406,63 reps - s,576,0,520,0
713,Christian Hetzler,2782,697,154 reps - s,550,82 reps - s,452,57 reps - s,576,0,507,23:42 - s
713,Nick Bocchimuzzo,2782,458,210 reps - s,653,0,575,0,576,0,520,0
715,Cesar Garcia,2784,729,146 reps - s,434,107 reps - s,575,0,576,0,470,19:18 - s
716,michael bui,2785,762,0,653,0,274,93 reps - s,576,0,520,0
717,James Meikle,2788,664,163 reps - s,581,78 reps - s,532,44 reps - s,500,154 reps - s,511,28:13 - s
718,Jason Griffin,2789,592,180 reps - s,526,87 reps - s,575,0,576,0,520,0
719,Mark Holland,2790,762,0,653,0,575,0,280,192 reps - s,520,0
720,Derek Chapman,2797,730,145 reps - s,396,112 reps - s,575,0,576,0,520,0
720,Albert Gonzales,2797,473,206 reps - s,653,0,575,0,576,0,520,0
722,Johnny Pelesauma,2805,678,160 reps - s,518,88 reps - s,575,0,576,0,458,18:09 - s
723,Jesse Brooks,2806,482,203 reps - s,653,0,575,0,576,0,520,0
724,Elias Hassing,2807,652,166 reps - s,514,88 reps - s,575,0,561,113 reps - s,505,22:26 - s
725,Daman Yang,2809,551,187 reps - s,653,0,575,0,576,0,454,17:57 - s
726,Henning Heine,2812,618,175 reps - s,523,87 reps - s,575,0,576,0,520,0
727,Rob Mora,2815,727,147 reps - s,417,109 reps - s,575,0,576,0,520,0
727,Justin Patterson,2815,491,199 reps - s,653,0,575,0,576,0,520,0
729,Phillip Bruttig,2816,675,160 reps - s,592,78 reps - s,526,45 reps - s,544,131 reps - s,479,19:42 - s
730,Brandon Risell,2818,718,148 reps - s,476,99 reps - s,575,0,576,0,473,19:27 - s
730,Patrick Fischer,2818,494,199 reps - s,653,0,575,0,576,0,520,0
732,Ernest Chen,2819,687,157 reps - s,652,1 reps - s,545,43 reps - s,470,161 reps - s,465,18:48 - s
733,Ranko Sredojevic,2823,608,177 reps - s,544,83 reps - s,575,0,576,0,520,0
734,Kevin Geoghegan,2827,741,130 reps - s,565,80 reps - s,429,59 reps - s,572,65 reps - s,520,0
734,Matthew Paulsen,2827,751,107 reps - s,466,102 reps - s,516,46 reps - s,576,0,518,264 reps - s
736,Ben Linder,2829,669,162 reps - s,636,70 reps - s,522,45 reps - s,482,158 reps - s,520,0
736,Tomas Ramos,2829,571,183 reps - s,587,78 reps - s,575,0,576,0,520,0
738,Jake Allen,2831,507,197 reps - s,653,0,575,0,576,0,520,0
739,Mike Cid,2834,510,196 reps - s,653,0,575,0,576,0,520,0
740,Christopher Benavidez,2836,512,195 reps - s,653,0,575,0,576,0,520,0
741,Jason Dow,2837,762,0,404,111 reps - s,575,0,576,0,520,0
742,Rudy Abeyta,2838,624,174 reps - s,645,51 reps - s,563,37 reps - s,513,148 reps - s,493,20:52 - s
743,John Nack,2844,655,164 reps - s,618,78 reps - s,575,0,576,0,420,16:22 - s
743,Raymond Peck,2844,762,0,557,81 reps - s,575,0,479,159 reps - s,471,19:19 - s
743,Rolando Marquez,2844,520,193 reps - s,653,0,575,0,576,0,520,0
746,Jacob Melero,2845,762,0,653,0,575,0,335,186 reps - s,520,0
747,Roddy Auer,2850,674,160 reps - s,580,78 reps - s,501,48 reps - s,575,18 reps - s,520,0
748,Brian Tucker,2855,531,191 reps - s,653,0,575,0,576,0,520,0
749,Isaac Pena,2857,762,0,424,108 reps - s,575,0,576,0,520,0
750,Raymond Criado,2858,534,190 reps - s,653,0,575,0,576,0,520,0
751,Scott Spiker,2865,732,145 reps - s,628,75 reps - s,468,56 reps - s,557,117 reps - s,480,19:43 - s
752,Gergo Chang,2870,762,0,437,107 reps - s,575,0,576,0,520,0
752,Wendell Corpuz,2870,724,147 reps - s,615,78 reps - s,555,43 reps - s,501,154 reps - s,475,19:30 - s
754,Chris Davis,2871,728,146 reps - s,653,0,394,67 reps - s,576,0,520,0
755,Ali Tamer,2872,687,157 reps - s,530,86 reps - s,575,0,576,0,504,22:17 - s
756,James Sanchez,2873,743,127 reps - s,547,83 reps - s,518,46 reps - s,566,100 reps - s,499,21:34 - s
756,Hans Roos,2873,760,1 reps - s,505,89 reps - s,548,43 reps - s,554,120 reps - s,506,22:45 - s
756,Jason Blessing,2873,549,188 reps - s,653,0,575,0,576,0,520,0
759,Vivek Jain,2886,740,132 reps - s,475,99 reps - s,575,0,576,0,520,0
760,Vincent Narvaez,2887,720,148 reps - s,627,75 reps - s,510,46 reps - s,540,135 reps - s,490,20:31 - s
761,Eric Ritchey,2888,708,151 reps - s,614,78 reps - s,542,44 reps - s,562,113 reps - s,462,18:33 - s
761,Matt Rocha,2888,564,184 reps - s,653,0,575,0,576,0,520,0
763,Daniel Grijalva,2889,733,145 reps - s,653,0,575,0,408,176 reps - s,520,0
764,Jonathan Biddle,2891,690,156 reps - s,635,70 reps - s,538,44 reps - s,545,130 reps - s,483,19:57 - s
765,Jeremy Montemayor,2897,573,183 reps - s,653,0,575,0,576,0,520,0
766,Christopher Russell,2899,715,149 reps - s,648,43 reps - s,494,49 reps - s,526,140 reps - s,516,31:44 - s
767,Devin Galtman,2901,684,159 reps - s,546,83 reps - s,575,0,576,0,520,0
767,Jeremy Pine,2901,577,182 reps - s,653,0,575,0,576,0,520,0
769,Julien Borel,2903,762,0,653,0,392,67 reps - s,576,0,520,0
769,Marlon Luna,2903,579,181 reps - s,653,0,575,0,576,0,520,0
771,Ryan Dmitro Williams,2904,580,181 reps - s,653,0,575,0,576,0,520,0
772,Abraham Ruiz,2914,590,180 reps - s,653,0,575,0,576,0,520,0
773,John Heath,2916,748,116 reps - s,649,43 reps - s,456,57 reps - s,560,114 reps - s,503,21:49 - s
773,Conor Sullivan,2916,592,180 reps - s,653,0,575,0,576,0,520,0
773,Bryan Braiverman,2916,592,180 reps - s,653,0,575,0,576,0,520,0
776,Andre Baldomero,2917,747,117 reps - s,601,78 reps - s,534,44 reps - s,574,37 reps - s,461,18:30 - s
777,Charles Warren,2918,695,154 reps - s,552,82 reps - s,575,0,576,0,520,0
778,Brett Breen,2928,737,138 reps - s,559,81 reps - s,547,43 reps - s,565,101 reps - s,520,0
779,Donnie Garbarini,2929,623,174 reps - s,653,0,570,25 reps - s,571,67 reps - s,512,28:45 - s
780,Scott Chau,2930,606,177 reps - s,653,0,575,0,576,0,520,0
781,Prabin Singh Newa,2933,762,0,500,90 reps - s,575,0,576,0,520,0
782,Jeegar Brahmakshatriya,2934,722,147 reps - s,653,0,511,46 reps - s,528,139 reps - s,520,0
783,Sean Colt,2941,617,175 reps - s,653,0,575,0,576,0,520,0
784,Welch Peter,2948,668,162 reps - s,653,0,575,0,576,0,476,19:35 - s
785,Jack Hoekstra,2950,736,139 reps - s,637,69 reps - s,493,49 reps - s,570,68 reps - s,514,29:27 - s
786,Edward Dean,2954,630,171 reps - s,653,0,575,0,576,0,520,0
787,Eddie Vidal,2958,634,170 reps - s,653,0,575,0,576,0,520,0
788,Rayen Watanabe,2959,762,0,653,0,575,0,449,166 reps - s,520,0
789,Timothy Ward,2961,749,115 reps - s,606,78 reps - s,519,46 reps - s,568,84 reps - s,519,225 reps - s
790,Rob Cruickshank,2965,750,108 reps - s,634,71 reps - s,529,45 reps - s,539,135 reps - s,513,28:57 - s
790,Robert Quinonez,2965,692,155 reps - s,602,78 reps - s,575,0,576,0,520,0
792,Vinay Bhatia,2966,642,168 reps - s,653,0,575,0,576,0,520,0
793,Tim Garrison,2967,683,159 reps - s,613,78 reps - s,575,0,576,0,520,0
794,Sebastian Johnson,2971,762,0,538,84 reps - s,575,0,576,0,520,0
795,Mike Ryan,2976,762,0,653,0,465,56 reps - s,576,0,520,0
795,Van Stratton,2976,755,75 reps - s,644,60 reps - s,481,55 reps - s,576,0,520,0
797,Colton Scarbery,2984,663,163 reps - s,653,0,572,18 reps - s,576,0,520,0
797,Prince Grewal,2984,660,164 reps - s,653,0,575,0,576,0,520,0
799,David Garber,2986,762,0,653,0,575,0,476,160 reps - s,520,0
800,Adrian Agavo,2997,762,0,564,80 reps - s,575,0,576,0,520,0
801,Michael Bocanegra,3001,677,160 reps - s,653,0,575,0,576,0,520,0
802,Andrew Westfield,3005,681,160 reps - s,653,0,575,0,576,0,520,0
803,Rich Adams,3006,735,141 reps - s,653,0,566,36 reps - s,532,137 reps - s,520,0
804,Keith Scott,3020,696,154 reps - s,653,0,575,0,576,0,520,0
805,Matthew McLaughlin,3023,713,149 reps - s,651,37 reps - s,575,0,564,105 reps - s,520,0
806,Alexander Kanholm,3030,762,0,653,0,575,0,520,143 reps - s,520,0
807,Brett Alyn,3034,710,151 reps - s,653,0,575,0,576,0,520,0
808,Mihir Joshi,3036,712,150 reps - s,653,0,575,0,576,0,520,0
809,Atif Collins,3038,714,149 reps - s,653,0,575,0,576,0,520,0
810,Cameron McClean,3040,716,149 reps - s,653,0,575,0,576,0,520,0
811,Kenneth Boston,3044,720,148 reps - s,653,0,575,0,576,0,520,0
812,Shaun Mccraw,3049,725,147 reps - s,653,0,575,0,576,0,520,0
813,Jay Singh,3056,762,0,630,73 reps - s,568,31 reps - s,576,0,520,0
814,Alexa Sorto,3071,762,0,638,68 reps - s,575,0,576,0,520,0
815,Robert Martinez,3075,762,0,642,68 reps - s,575,0,576,0,520,0
816,Aldo Avila,3077,753,97 reps - s,653,0,575,0,576,0,520,0
817,Kyle Carlson,3079,762,0,646,50 reps - s,575,0,576,0,520,0
818,Mark Sakamoto,3083,762,0,650,41 reps - s,575,0,576,0,520,0
818,Matt Monasch,3083,759,7 reps - s,653,0,575,0,576,0,520,0
820,Gabe Wendt,3084,760,1 reps - s,653,0,575,0,576,0,520,0
